accuracy,unfairness,accuracy_train,unfairness_train,epsilon,models
0.6711506605394031,0.0774511148994264,0.6726718897138427,0.07274119721735639,0.0,"[{'accuracy': 0.6777251184834123, 'unfairness': 0.09911764705882353, 'accuracy_train': 0.6714082503556188, 'unfairness_train': 0.0653263716154765, 'description': ' if [priors_>3]: [two_year_recid] = True\nelse if [age_23-25__AND__priors_2-3]: [two_year_recid] = True\nelse if [age_18-20]: [two_year_recid] = True\nelse if [gender_Male__AND__age_21-22]: [two_year_recid] = True\nelse [two_year_recid] = False'}, {'accuracy': 0.6815165876777252, 'unfairness': 0.0466793168880455, 'accuracy_train': 0.6704599336178284, 'unfairness_train': 0.07835797659048516, 'description': ' if [priors_>3]: [two_year_recid] = True\nelse if [gender_Male__AND__age_21-22]: [two_year_recid] = True\nelse if [age_18-20]: [two_year_recid] = True\nelse if [age_23-25__AND__priors_2-3]: [two_year_recid] = True\nelse [two_year_recid] = False'}, {'accuracy': 0.6767772511848341, 'unfairness': 0.13369218500797453, 'accuracy_train': 0.6716453295400664, 'unfairness_train': 0.05552720003402656, 'description': ' if [priors_>3]: [two_year_recid] = True\nelse if [age_18-20]: [two_year_recid] = True\nelse if [age_23-25__AND__priors_2-3]: [two_year_recid] = True\nelse if [gender_Male__AND__age_21-22]: [two_year_recid] = True\nelse [two_year_recid] = False'}, {'accuracy': 0.674573055028463, 'unfairness': 0.0985583224115334, 'accuracy_train': 0.6721972031287035, 'unfairness_train': 0.0667047877315623, 'description': ' if [age_18-20]: [two_year_recid] = True\nelse if [gender_Male__AND__age_21-22]: [two_year_recid] = True\nelse if [priors_>3]: [two_year_recid] = True\nelse if [age_23-25__AND__priors_2-3]: [two_year_recid] = True\nelse [two_year_recid] = False'}, {'accuracy': 0.6451612903225806, 'unfairness': 0.009208103130755041, 'accuracy_train': 0.6776487319269969, 'unfairness_train': 0.09778965011523144, 'description': ' if [gender_Male__AND__age_18-20]: [two_year_recid] = True\nelse if [priors_>3]: [two_year_recid] = True\nelse if [gender_Male__AND__age_21-22]: [two_year_recid] = True\nelse if [age_23-25__AND__priors_2-3]: [two_year_recid] = True\nelse [two_year_recid] = False'}]"
0.6711506605394031,0.0774511148994264,0.6726718897138427,0.07274119721735639,0.89,"[{'accuracy': 0.6777251184834123, 'unfairness': 0.09911764705882353, 'accuracy_train': 0.6714082503556188, 'unfairness_train': 0.0653263716154765, 'description': ' if [priors_>3]: [two_year_recid] = True\nelse if [age_23-25__AND__priors_2-3]: [two_year_recid] = True\nelse if [age_18-20]: [two_year_recid] = True\nelse if [gender_Male__AND__age_21-22]: [two_year_recid] = True\nelse [two_year_recid] = False'}, {'accuracy': 0.6815165876777252, 'unfairness': 0.0466793168880455, 'accuracy_train': 0.6704599336178284, 'unfairness_train': 0.07835797659048516, 'description': ' if [priors_>3]: [two_year_recid] = True\nelse if [gender_Male__AND__age_21-22]: [two_year_recid] = True\nelse if [age_18-20]: [two_year_recid] = True\nelse if [age_23-25__AND__priors_2-3]: [two_year_recid] = True\nelse [two_year_recid] = False'}, {'accuracy': 0.6767772511848341, 'unfairness': 0.13369218500797453, 'accuracy_train': 0.6716453295400664, 'unfairness_train': 0.05552720003402656, 'description': ' if [priors_>3]: [two_year_recid] = True\nelse if [age_18-20]: [two_year_recid] = True\nelse if [age_23-25__AND__priors_2-3]: [two_year_recid] = True\nelse if [gender_Male__AND__age_21-22]: [two_year_recid] = True\nelse [two_year_recid] = False'}, {'accuracy': 0.674573055028463, 'unfairness': 0.0985583224115334, 'accuracy_train': 0.6721972031287035, 'unfairness_train': 0.0667047877315623, 'description': ' if [age_18-20]: [two_year_recid] = True\nelse if [gender_Male__AND__age_21-22]: [two_year_recid] = True\nelse if [priors_>3]: [two_year_recid] = True\nelse if [age_23-25__AND__priors_2-3]: [two_year_recid] = True\nelse [two_year_recid] = False'}, {'accuracy': 0.6451612903225806, 'unfairness': 0.009208103130755041, 'accuracy_train': 0.6776487319269969, 'unfairness_train': 0.09778965011523144, 'description': ' if [gender_Male__AND__age_18-20]: [two_year_recid] = True\nelse if [priors_>3]: [two_year_recid] = True\nelse if [gender_Male__AND__age_21-22]: [two_year_recid] = True\nelse if [age_23-25__AND__priors_2-3]: [two_year_recid] = True\nelse [two_year_recid] = False'}]"
0.6711506605394031,0.0774511148994264,0.6726718897138427,0.07274119721735639,0.8965555555555556,"[{'accuracy': 0.6777251184834123, 'unfairness': 0.09911764705882353, 'accuracy_train': 0.6714082503556188, 'unfairness_train': 0.0653263716154765, 'description': ' if [priors_>3]: [two_year_recid] = True\nelse if [age_23-25__AND__priors_2-3]: [two_year_recid] = True\nelse if [age_18-20]: [two_year_recid] = True\nelse if [gender_Male__AND__age_21-22]: [two_year_recid] = True\nelse [two_year_recid] = False'}, {'accuracy': 0.6815165876777252, 'unfairness': 0.0466793168880455, 'accuracy_train': 0.6704599336178284, 'unfairness_train': 0.07835797659048516, 'description': ' if [priors_>3]: [two_year_recid] = True\nelse if [gender_Male__AND__age_21-22]: [two_year_recid] = True\nelse if [age_18-20]: [two_year_recid] = True\nelse if [age_23-25__AND__priors_2-3]: [two_year_recid] = True\nelse [two_year_recid] = False'}, {'accuracy': 0.6767772511848341, 'unfairness': 0.13369218500797453, 'accuracy_train': 0.6716453295400664, 'unfairness_train': 0.05552720003402656, 'description': ' if [priors_>3]: [two_year_recid] = True\nelse if [age_18-20]: [two_year_recid] = True\nelse if [age_23-25__AND__priors_2-3]: [two_year_recid] = True\nelse if [gender_Male__AND__age_21-22]: [two_year_recid] = True\nelse [two_year_recid] = False'}, {'accuracy': 0.674573055028463, 'unfairness': 0.0985583224115334, 'accuracy_train': 0.6721972031287035, 'unfairness_train': 0.0667047877315623, 'description': ' if [age_18-20]: [two_year_recid] = True\nelse if [gender_Male__AND__age_21-22]: [two_year_recid] = True\nelse if [priors_>3]: [two_year_recid] = True\nelse if [age_23-25__AND__priors_2-3]: [two_year_recid] = True\nelse [two_year_recid] = False'}, {'accuracy': 0.6451612903225806, 'unfairness': 0.009208103130755041, 'accuracy_train': 0.6776487319269969, 'unfairness_train': 0.09778965011523144, 'description': ' if [gender_Male__AND__age_18-20]: [two_year_recid] = True\nelse if [priors_>3]: [two_year_recid] = True\nelse if [gender_Male__AND__age_21-22]: [two_year_recid] = True\nelse if [age_23-25__AND__priors_2-3]: [two_year_recid] = True\nelse [two_year_recid] = False'}]"
0.672668687104868,0.07829604993161643,0.6726718897138427,0.07228465214889415,0.9031111111111111,"[{'accuracy': 0.6777251184834123, 'unfairness': 0.09911764705882353, 'accuracy_train': 0.6714082503556188, 'unfairness_train': 0.0653263716154765, 'description': ' if [priors_>3]: [two_year_recid] = True\nelse if [age_23-25__AND__priors_2-3]: [two_year_recid] = True\nelse if [age_18-20]: [two_year_recid] = True\nelse if [gender_Male__AND__age_21-22]: [two_year_recid] = True\nelse [two_year_recid] = False'}, {'accuracy': 0.6815165876777252, 'unfairness': 0.0466793168880455, 'accuracy_train': 0.6704599336178284, 'unfairness_train': 0.07835797659048516, 'description': ' if [priors_>3]: [two_year_recid] = True\nelse if [gender_Male__AND__age_21-22]: [two_year_recid] = True\nelse if [age_18-20]: [two_year_recid] = True\nelse if [age_23-25__AND__priors_2-3]: [two_year_recid] = True\nelse [two_year_recid] = False'}, {'accuracy': 0.6767772511848341, 'unfairness': 0.13369218500797453, 'accuracy_train': 0.6716453295400664, 'unfairness_train': 0.05552720003402656, 'description': ' if [priors_>3]: [two_year_recid] = True\nelse if [age_18-20]: [two_year_recid] = True\nelse if [age_23-25__AND__priors_2-3]: [two_year_recid] = True\nelse if [gender_Male__AND__age_21-22]: [two_year_recid] = True\nelse [two_year_recid] = False'}, {'accuracy': 0.674573055028463, 'unfairness': 0.0985583224115334, 'accuracy_train': 0.6721972031287035, 'unfairness_train': 0.0667047877315623, 'description': ' if [age_18-20]: [two_year_recid] = True\nelse if [gender_Male__AND__age_21-22]: [two_year_recid] = True\nelse if [priors_>3]: [two_year_recid] = True\nelse if [age_23-25__AND__priors_2-3]: [two_year_recid] = True\nelse [two_year_recid] = False'}, {'accuracy': 0.6527514231499051, 'unfairness': 0.013432778291705194, 'accuracy_train': 0.6776487319269969, 'unfairness_train': 0.09550692477292022, 'description': ' if [priors_>3]: [two_year_recid] = True\nelse if [gender_Male__AND__age_21-22]: [two_year_recid] = True\nelse if [age_23-25__AND__priors_2-3]: [two_year_recid] = True\nelse if [age_18-20]: [two_year_recid] = True\nelse [two_year_recid] = False'}]"
0.6679248540877902,0.07841686871701348,0.6708705149804937,0.07088818522709699,0.9096666666666666,"[{'accuracy': 0.6777251184834123, 'unfairness': 0.09911764705882353, 'accuracy_train': 0.6714082503556188, 'unfairness_train': 0.0653263716154765, 'description': ' if [priors_>3]: [two_year_recid] = True\nelse if [age_23-25__AND__priors_2-3]: [two_year_recid] = True\nelse if [age_18-20]: [two_year_recid] = True\nelse if [gender_Male__AND__age_21-22]: [two_year_recid] = True\nelse [two_year_recid] = False'}, {'accuracy': 0.6815165876777252, 'unfairness': 0.0466793168880455, 'accuracy_train': 0.6704599336178284, 'unfairness_train': 0.07835797659048516, 'description': ' if [priors_>3]: [two_year_recid] = True\nelse if [gender_Male__AND__age_21-22]: [two_year_recid] = True\nelse if [age_18-20]: [two_year_recid] = True\nelse if [age_23-25__AND__priors_2-3]: [two_year_recid] = True\nelse [two_year_recid] = False'}, {'accuracy': 0.6767772511848341, 'unfairness': 0.13369218500797453, 'accuracy_train': 0.6716453295400664, 'unfairness_train': 0.05552720003402656, 'description': ' if [priors_>3]: [two_year_recid] = True\nelse if [age_18-20]: [two_year_recid] = True\nelse if [age_23-25__AND__priors_2-3]: [two_year_recid] = True\nelse if [gender_Male__AND__age_21-22]: [two_year_recid] = True\nelse [two_year_recid] = False'}, {'accuracy': 0.674573055028463, 'unfairness': 0.0985583224115334, 'accuracy_train': 0.6721972031287035, 'unfairness_train': 0.0667047877315623, 'description': ' if [age_18-20]: [two_year_recid] = True\nelse if [gender_Male__AND__age_21-22]: [two_year_recid] = True\nelse if [priors_>3]: [two_year_recid] = True\nelse if [age_23-25__AND__priors_2-3]: [two_year_recid] = True\nelse [two_year_recid] = False'}, {'accuracy': 0.6290322580645161, 'unfairness': 0.014036872218690433, 'accuracy_train': 0.6686418582602512, 'unfairness_train': 0.08852459016393444, 'description': ' if [charge_degree_Misdemeanor__AND__age_>45]: [two_year_recid] = False\nelse if [priors_>3]: [two_year_recid] = True\nelse if [gender_Male__AND__age_21-22]: [two_year_recid] = True\nelse if [age_23-25__AND__priors_2-3]: [two_year_recid] = True\nelse [two_year_recid] = False'}]"
0.6690633740118889,0.08017739550784328,0.6705386827927715,0.06878749821555881,0.9162222222222222,"[{'accuracy': 0.6777251184834123, 'unfairness': 0.09911764705882353, 'accuracy_train': 0.6714082503556188, 'unfairness_train': 0.0653263716154765, 'description': ' if [priors_>3]: [two_year_recid] = True\nelse if [age_23-25__AND__priors_2-3]: [two_year_recid] = True\nelse if [age_18-20]: [two_year_recid] = True\nelse if [gender_Male__AND__age_21-22]: [two_year_recid] = True\nelse [two_year_recid] = False'}, {'accuracy': 0.6815165876777252, 'unfairness': 0.0466793168880455, 'accuracy_train': 0.6704599336178284, 'unfairness_train': 0.07835797659048516, 'description': ' if [priors_>3]: [two_year_recid] = True\nelse if [gender_Male__AND__age_21-22]: [two_year_recid] = True\nelse if [age_18-20]: [two_year_recid] = True\nelse if [age_23-25__AND__priors_2-3]: [two_year_recid] = True\nelse [two_year_recid] = False'}, {'accuracy': 0.6767772511848341, 'unfairness': 0.13369218500797453, 'accuracy_train': 0.6716453295400664, 'unfairness_train': 0.05552720003402656, 'description': ' if [priors_>3]: [two_year_recid] = True\nelse if [age_18-20]: [two_year_recid] = True\nelse if [age_23-25__AND__priors_2-3]: [two_year_recid] = True\nelse if [gender_Male__AND__age_21-22]: [two_year_recid] = True\nelse [two_year_recid] = False'}, {'accuracy': 0.674573055028463, 'unfairness': 0.0985583224115334, 'accuracy_train': 0.6721972031287035, 'unfairness_train': 0.0667047877315623, 'description': ' if [age_18-20]: [two_year_recid] = True\nelse if [gender_Male__AND__age_21-22]: [two_year_recid] = True\nelse if [priors_>3]: [two_year_recid] = True\nelse if [age_23-25__AND__priors_2-3]: [two_year_recid] = True\nelse [two_year_recid] = False'}, {'accuracy': 0.6347248576850095, 'unfairness': 0.022839506172839474, 'accuracy_train': 0.6669826973216402, 'unfairness_train': 0.07802115510624352, 'description': ' if [charge_degree_Misdemeanor__AND__age_>45]: [two_year_recid] = False\nelse if [priors_>3]: [two_year_recid] = True\nelse if [gender_Male__AND__age_18-20]: [two_year_recid] = True\nelse if [gender_Male__AND__age_21-22]: [two_year_recid] = True\nelse [two_year_recid] = False'}]"
0.6650837702456002,0.08458794308655786,0.6689265443385276,0.06731543569329974,0.9227777777777778,"[{'accuracy': 0.6777251184834123, 'unfairness': 0.09911764705882353, 'accuracy_train': 0.6714082503556188, 'unfairness_train': 0.0653263716154765, 'description': ' if [priors_>3]: [two_year_recid] = True\nelse if [age_23-25__AND__priors_2-3]: [two_year_recid] = True\nelse if [age_18-20]: [two_year_recid] = True\nelse if [gender_Male__AND__age_21-22]: [two_year_recid] = True\nelse [two_year_recid] = False'}, {'accuracy': 0.6540284360189573, 'unfairness': 0.06473173411463107, 'accuracy_train': 0.6623992413466098, 'unfairness_train': 0.07333613411213058, 'description': ' if [age_>45__AND__priors_2-3]: [two_year_recid] = False\nelse if [charge_degree_Felony__AND__priors_2-3]: [two_year_recid] = True\nelse if [priors_>3]: [two_year_recid] = True\nelse if [age_18-20]: [two_year_recid] = True\nelse [two_year_recid] = False'}, {'accuracy': 0.6767772511848341, 'unfairness': 0.13369218500797453, 'accuracy_train': 0.6716453295400664, 'unfairness_train': 0.05552720003402656, 'description': ' if [priors_>3]: [two_year_recid] = True\nelse if [age_18-20]: [two_year_recid] = True\nelse if [age_23-25__AND__priors_2-3]: [two_year_recid] = True\nelse if [gender_Male__AND__age_21-22]: [two_year_recid] = True\nelse [two_year_recid] = False'}, {'accuracy': 0.674573055028463, 'unfairness': 0.0985583224115334, 'accuracy_train': 0.6721972031287035, 'unfairness_train': 0.0667047877315623, 'description': ' if [age_18-20]: [two_year_recid] = True\nelse if [gender_Male__AND__age_21-22]: [two_year_recid] = True\nelse if [priors_>3]: [two_year_recid] = True\nelse if [age_23-25__AND__priors_2-3]: [two_year_recid] = True\nelse [two_year_recid] = False'}, {'accuracy': 0.642314990512334, 'unfairness': 0.026839826839826775, 'accuracy_train': 0.6669826973216402, 'unfairness_train': 0.07568268497330277, 'description': ' if [charge_degree_Misdemeanor__AND__age_>45]: [two_year_recid] = False\nelse if [priors_>3]: [two_year_recid] = True\nelse if [gender_Male__AND__age_21-22]: [two_year_recid] = True\nelse if [age_18-20]: [two_year_recid] = True\nelse [two_year_recid] = False'}]"
0.6641330251715424,0.07898811637045595,0.6677888002646926,0.06315246623862036,0.9293333333333333,"[{'accuracy': 0.6777251184834123, 'unfairness': 0.09911764705882353, 'accuracy_train': 0.6714082503556188, 'unfairness_train': 0.0653263716154765, 'description': ' if [priors_>3]: [two_year_recid] = True\nelse if [age_23-25__AND__priors_2-3]: [two_year_recid] = True\nelse if [age_18-20]: [two_year_recid] = True\nelse if [gender_Male__AND__age_21-22]: [two_year_recid] = True\nelse [two_year_recid] = False'}, {'accuracy': 0.6644549763033175, 'unfairness': 0.03668239300968712, 'accuracy_train': 0.661688003793267, 'unfairness_train': 0.06642012012373466, 'description': ' if [juvenile-misdemeanors_=0__AND__priors_>3]: [two_year_recid] = True\nelse if [age_18-20]: [two_year_recid] = True\nelse if [gender_Male__AND__age_21-22]: [two_year_recid] = True\nelse if [juvenile-misdemeanors_=0__AND__juvenile-felonies_=0]: [two_year_recid] = False\nelse [two_year_recid] = True'}, {'accuracy': 0.6767772511848341, 'unfairness': 0.13369218500797453, 'accuracy_train': 0.6716453295400664, 'unfairness_train': 0.05552720003402656, 'description': ' if [priors_>3]: [two_year_recid] = True\nelse if [age_18-20]: [two_year_recid] = True\nelse if [age_23-25__AND__priors_2-3]: [two_year_recid] = True\nelse if [gender_Male__AND__age_21-22]: [two_year_recid] = True\nelse [two_year_recid] = False'}, {'accuracy': 0.674573055028463, 'unfairness': 0.0985583224115334, 'accuracy_train': 0.6721972031287035, 'unfairness_train': 0.0667047877315623, 'description': ' if [age_18-20]: [two_year_recid] = True\nelse if [gender_Male__AND__age_21-22]: [two_year_recid] = True\nelse if [priors_>3]: [two_year_recid] = True\nelse if [age_23-25__AND__priors_2-3]: [two_year_recid] = True\nelse [two_year_recid] = False'}, {'accuracy': 0.627134724857685, 'unfairness': 0.026890034364261184, 'accuracy_train': 0.6620052145058071, 'unfairness_train': 0.061783851688301805, 'description': ' if [priors_>3]: [two_year_recid] = True\nelse if [gender_Male__AND__age_21-22]: [two_year_recid] = True\nelse if [race_Caucasian]: [two_year_recid] = False\nelse if [charge_degree_Felony__AND__priors_2-3]: [two_year_recid] = True\nelse [two_year_recid] = False'}]"
0.6588244287166021,0.07746095909182815,0.6654656602686193,0.06115558476426397,0.9358888888888889,"[{'accuracy': 0.6540284360189573, 'unfairness': 0.07812644635749333, 'accuracy_train': 0.6657183499288762, 'unfairness_train': 0.06216334437293014, 'description': ' if [priors_>3]: [two_year_recid] = True\nelse if [age_23-25__AND__priors_2-3]: [two_year_recid] = True\nelse if [juvenile-felonies_=0__AND__age_18-20]: [two_year_recid] = True\nelse if [juvenile-misdemeanors_=0__AND__juvenile-felonies_=0]: [two_year_recid] = False\nelse [two_year_recid] = True'}, {'accuracy': 0.6644549763033175, 'unfairness': 0.042156419529837175, 'accuracy_train': 0.6607396870554765, 'unfairness_train': 0.0638409785932722, 'description': ' if [priors_>3]: [two_year_recid] = True\nelse if [gender_Male__AND__age_21-22]: [two_year_recid] = True\nelse if [age_18-20]: [two_year_recid] = True\nelse if [juvenile-felonies_=0__AND__juvenile-misdemeanors_>0]: [two_year_recid] = True\nelse [two_year_recid] = False'}, {'accuracy': 0.6767772511848341, 'unfairness': 0.13369218500797453, 'accuracy_train': 0.6716453295400664, 'unfairness_train': 0.05552720003402656, 'description': ' if [priors_>3]: [two_year_recid] = True\nelse if [age_18-20]: [two_year_recid] = True\nelse if [age_23-25__AND__priors_2-3]: [two_year_recid] = True\nelse if [gender_Male__AND__age_21-22]: [two_year_recid] = True\nelse [two_year_recid] = False'}, {'accuracy': 0.6717267552182163, 'unfairness': 0.10643971019957454, 'accuracy_train': 0.6672197203128704, 'unfairness_train': 0.06246254913278915, 'description': ' if [priors_>3]: [two_year_recid] = True\nelse if [gender_Male__AND__age_21-22]: [two_year_recid] = True\nelse if [age_23-25__AND__priors_2-3]: [two_year_recid] = True\nelse if [age_18-20__AND__juvenile-crimes_=0]: [two_year_recid] = True\nelse [two_year_recid] = False'}, {'accuracy': 0.627134724857685, 'unfairness': 0.026890034364261184, 'accuracy_train': 0.6620052145058071, 'unfairness_train': 0.061783851688301805, 'description': ' if [priors_>3]: [two_year_recid] = True\nelse if [gender_Male__AND__age_21-22]: [two_year_recid] = True\nelse if [race_Caucasian]: [two_year_recid] = False\nelse if [charge_degree_Felony__AND__priors_2-3]: [two_year_recid] = True\nelse [two_year_recid] = False'}]"
0.6599593514213513,0.08154204434914818,0.6637588362429618,0.053441515367350687,0.9424444444444444,"[{'accuracy': 0.6701421800947868, 'unfairness': 0.09919129392971249, 'accuracy_train': 0.6602655286865813, 'unfairness_train': 0.05081053165433813, 'description': ' if [priors_>3]: [two_year_recid] = True\nelse if [age_18-20]: [two_year_recid] = True\nelse if [gender_Male__AND__age_21-22]: [two_year_recid] = True\nelse if [juvenile-misdemeanors_=0__AND__juvenile-felonies_=0]: [two_year_recid] = False\nelse [two_year_recid] = True'}, {'accuracy': 0.6672985781990521, 'unfairness': 0.036571056062581486, 'accuracy_train': 0.6607396870554765, 'unfairness_train': 0.05675954592363264, 'description': ' if [charge_degree_Misdemeanor__AND__age_>45]: [two_year_recid] = False\nelse if [age_18-20]: [two_year_recid] = True\nelse if [priors_>3]: [two_year_recid] = True\nelse if [gender_Male__AND__age_21-22]: [two_year_recid] = True\nelse [two_year_recid] = False'}, {'accuracy': 0.6767772511848341, 'unfairness': 0.13369218500797453, 'accuracy_train': 0.6716453295400664, 'unfairness_train': 0.05552720003402656, 'description': ' if [priors_>3]: [two_year_recid] = True\nelse if [age_18-20]: [two_year_recid] = True\nelse if [age_23-25__AND__priors_2-3]: [two_year_recid] = True\nelse if [gender_Male__AND__age_21-22]: [two_year_recid] = True\nelse [two_year_recid] = False'}, {'accuracy': 0.6489563567362429, 'unfairness': 0.07326007326007322, 'accuracy_train': 0.6653235363830291, 'unfairness_train': 0.050003487479946984, 'description': ' if [age_18-20]: [two_year_recid] = True\nelse if [charge_degree_Misdemeanor__AND__age_>45]: [two_year_recid] = False\nelse if [priors_>3]: [two_year_recid] = True\nelse if [gender_Male__AND__age_21-22]: [two_year_recid] = True\nelse [two_year_recid] = False'}, {'accuracy': 0.6366223908918406, 'unfairness': 0.06499561348539917, 'accuracy_train': 0.6608200995496564, 'unfairness_train': 0.054106811744809136, 'description': ' if [priors_0__AND__juvenile-crimes_=0]: [two_year_recid] = False\nelse if [priors_>3]: [two_year_recid] = True\nelse if [juvenile-felonies_=0__AND__age_26-45]: [two_year_recid] = False\nelse if [race_African-American]: [two_year_recid] = True\nelse [two_year_recid] = False'}]"
0.6567366026061855,0.09216062626208954,0.6607717396667134,0.046077388794179906,0.949,"[{'accuracy': 0.6701421800947868, 'unfairness': 0.09919129392971249, 'accuracy_train': 0.6602655286865813, 'unfairness_train': 0.05081053165433813, 'description': ' if [priors_>3]: [two_year_recid] = True\nelse if [age_18-20]: [two_year_recid] = True\nelse if [gender_Male__AND__age_21-22]: [two_year_recid] = True\nelse if [juvenile-misdemeanors_=0__AND__juvenile-felonies_=0]: [two_year_recid] = False\nelse [two_year_recid] = True'}, {'accuracy': 0.6587677725118484, 'unfairness': 0.03434065934065933, 'accuracy_train': 0.6559981033665244, 'unfairness_train': 0.04889221663904342, 'description': ' if [priors_>3]: [two_year_recid] = True\nelse if [age_18-20]: [two_year_recid] = True\nelse if [race_Caucasian]: [two_year_recid] = False\nelse if [juvenile-felonies_=0__AND__age_21-22]: [two_year_recid] = True\nelse [two_year_recid] = False'}, {'accuracy': 0.6691943127962086, 'unfairness': 0.17749092375958042, 'accuracy_train': 0.6635846372688478, 'unfairness_train': 0.04704955573875613, 'description': ' if [priors_>3]: [two_year_recid] = True\nelse if [age_23-25__AND__priors_2-3]: [two_year_recid] = True\nelse if [charge_degree_Felony__AND__juvenile-crimes_>0]: [two_year_recid] = True\nelse if [age_18-20]: [two_year_recid] = True\nelse [two_year_recid] = False'}, {'accuracy': 0.6489563567362429, 'unfairness': 0.07326007326007322, 'accuracy_train': 0.6653235363830291, 'unfairness_train': 0.050003487479946984, 'description': ' if [age_18-20]: [two_year_recid] = True\nelse if [charge_degree_Misdemeanor__AND__age_>45]: [two_year_recid] = False\nelse if [priors_>3]: [two_year_recid] = True\nelse if [gender_Male__AND__age_21-22]: [two_year_recid] = True\nelse [two_year_recid] = False'}, {'accuracy': 0.6366223908918406, 'unfairness': 0.07652018102042224, 'accuracy_train': 0.6586868926285849, 'unfairness_train': 0.03363115245881487, 'description': ' if [priors_>3]: [two_year_recid] = True\nelse if [age_>45]: [two_year_recid] = False\nelse if [juvenile-felonies_=0__AND__age_26-45]: [two_year_recid] = False\nelse if [race_African-American]: [two_year_recid] = True\nelse [two_year_recid] = False'}]"
0.6510484995098789,0.07949612289015362,0.660013221140203,0.03928604680860799,0.95,"[{'accuracy': 0.6464454976303318, 'unfairness': 0.02993697478991597, 'accuracy_train': 0.6593172119487909, 'unfairness_train': 0.017912310530694975, 'description': ' if [priors_>3]: [two_year_recid] = True\nelse if [age_18-20]: [two_year_recid] = True\nelse if [race_Caucasian]: [two_year_recid] = False\nelse if [gender_Male__AND__priors_2-3]: [two_year_recid] = True\nelse [two_year_recid] = False'}, {'accuracy': 0.6587677725118484, 'unfairness': 0.03434065934065933, 'accuracy_train': 0.6559981033665244, 'unfairness_train': 0.04889221663904342, 'description': ' if [priors_>3]: [two_year_recid] = True\nelse if [age_18-20]: [two_year_recid] = True\nelse if [race_Caucasian]: [two_year_recid] = False\nelse if [juvenile-felonies_=0__AND__age_21-22]: [two_year_recid] = True\nelse [two_year_recid] = False'}, {'accuracy': 0.6691943127962086, 'unfairness': 0.17749092375958042, 'accuracy_train': 0.6635846372688478, 'unfairness_train': 0.04704955573875613, 'description': ' if [priors_>3]: [two_year_recid] = True\nelse if [age_23-25__AND__priors_2-3]: [two_year_recid] = True\nelse if [charge_degree_Felony__AND__juvenile-crimes_>0]: [two_year_recid] = True\nelse if [age_18-20]: [two_year_recid] = True\nelse [two_year_recid] = False'}, {'accuracy': 0.644212523719165, 'unfairness': 0.07919187554019014, 'accuracy_train': 0.6624792604882673, 'unfairness_train': 0.048944998675730544, 'description': ' if [juvenile-misdemeanors_=0__AND__age_18-20]: [two_year_recid] = True\nelse if [charge_degree_Misdemeanor__AND__age_>45]: [two_year_recid] = False\nelse if [priors_>3]: [two_year_recid] = True\nelse if [gender_Male__AND__age_21-22]: [two_year_recid] = True\nelse [two_year_recid] = False'}, {'accuracy': 0.6366223908918406, 'unfairness': 0.07652018102042224, 'accuracy_train': 0.6586868926285849, 'unfairness_train': 0.03363115245881487, 'description': ' if [priors_>3]: [two_year_recid] = True\nelse if [age_>45]: [two_year_recid] = False\nelse if [juvenile-felonies_=0__AND__age_26-45]: [two_year_recid] = False\nelse if [race_African-American]: [two_year_recid] = True\nelse [two_year_recid] = False'}]"
0.6529451334118727,0.08591227307553402,0.6598235915085755,0.03495114507301054,0.9516896551724138,"[{'accuracy': 0.6464454976303318, 'unfairness': 0.02993697478991597, 'accuracy_train': 0.6593172119487909, 'unfairness_train': 0.017912310530694975, 'description': ' if [priors_>3]: [two_year_recid] = True\nelse if [age_18-20]: [two_year_recid] = True\nelse if [race_Caucasian]: [two_year_recid] = False\nelse if [gender_Male__AND__priors_2-3]: [two_year_recid] = True\nelse [two_year_recid] = False'}, {'accuracy': 0.6635071090047393, 'unfairness': 0.028729157278053252, 'accuracy_train': 0.6557610241820768, 'unfairness_train': 0.04786607992923164, 'description': ' if [priors_>3]: [two_year_recid] = True\nelse if [age_18-20]: [two_year_recid] = True\nelse if [race_Caucasian]: [two_year_recid] = False\nelse if [age_21-22]: [two_year_recid] = True\nelse [two_year_recid] = False'}, {'accuracy': 0.6691943127962086, 'unfairness': 0.17749092375958042, 'accuracy_train': 0.6635846372688478, 'unfairness_train': 0.04704955573875613, 'description': ' if [priors_>3]: [two_year_recid] = True\nelse if [age_23-25__AND__priors_2-3]: [two_year_recid] = True\nelse if [charge_degree_Felony__AND__juvenile-crimes_>0]: [two_year_recid] = True\nelse if [age_18-20]: [two_year_recid] = True\nelse [two_year_recid] = False'}, {'accuracy': 0.6489563567362429, 'unfairness': 0.1168841285296982, 'accuracy_train': 0.6617681915145769, 'unfairness_train': 0.02829662670755506, 'description': ' if [priors_>3]: [two_year_recid] = True\nelse if [age_18-20]: [two_year_recid] = True\nelse if [race_Caucasian]: [two_year_recid] = False\nelse if [gender_Male__AND__age_21-22]: [two_year_recid] = True\nelse [two_year_recid] = False'}, {'accuracy': 0.6366223908918406, 'unfairness': 0.07652018102042224, 'accuracy_train': 0.6586868926285849, 'unfairness_train': 0.03363115245881487, 'description': ' if [priors_>3]: [two_year_recid] = True\nelse if [age_>45]: [two_year_recid] = False\nelse if [juvenile-felonies_=0__AND__age_26-45]: [two_year_recid] = False\nelse if [race_African-American]: [two_year_recid] = True\nelse [two_year_recid] = False'}]"
0.6529451334118727,0.08803425913970367,0.6594916806503488,0.0339167650542759,0.9533793103448276,"[{'accuracy': 0.6464454976303318, 'unfairness': 0.02993697478991597, 'accuracy_train': 0.6593172119487909, 'unfairness_train': 0.017912310530694975, 'description': ' if [priors_>3]: [two_year_recid] = True\nelse if [age_18-20]: [two_year_recid] = True\nelse if [race_Caucasian]: [two_year_recid] = False\nelse if [gender_Male__AND__priors_2-3]: [two_year_recid] = True\nelse [two_year_recid] = False'}, {'accuracy': 0.6654028436018957, 'unfairness': 0.04117766086604613, 'accuracy_train': 0.6548127074442864, 'unfairness_train': 0.04408626804184712, 'description': ' if [priors_>3]: [two_year_recid] = True\nelse if [age_18-20]: [two_year_recid] = True\nelse if [race_Caucasian]: [two_year_recid] = False\nelse if [charge_degree_Felony__AND__priors_2-3]: [two_year_recid] = True\nelse [two_year_recid] = False'}, {'accuracy': 0.6672985781990521, 'unfairness': 0.17565235049243577, 'accuracy_train': 0.662873399715505, 'unfairness_train': 0.045657467532467466, 'description': ' if [priors_>3]: [two_year_recid] = True\nelse if [age_18-20__AND__juvenile-crimes_=0]: [two_year_recid] = True\nelse if [age_23-25__AND__priors_2-3]: [two_year_recid] = True\nelse if [charge_degree_Felony__AND__juvenile-crimes_>0]: [two_year_recid] = True\nelse [two_year_recid] = False'}, {'accuracy': 0.6489563567362429, 'unfairness': 0.1168841285296982, 'accuracy_train': 0.6617681915145769, 'unfairness_train': 0.02829662670755506, 'description': ' if [priors_>3]: [two_year_recid] = True\nelse if [age_18-20]: [two_year_recid] = True\nelse if [race_Caucasian]: [two_year_recid] = False\nelse if [gender_Male__AND__age_21-22]: [two_year_recid] = True\nelse [two_year_recid] = False'}, {'accuracy': 0.6366223908918406, 'unfairness': 0.07652018102042224, 'accuracy_train': 0.6586868926285849, 'unfairness_train': 0.03363115245881487, 'description': ' if [priors_>3]: [two_year_recid] = True\nelse if [age_>45]: [two_year_recid] = False\nelse if [juvenile-felonies_=0__AND__age_26-45]: [two_year_recid] = False\nelse if [race_African-American]: [two_year_recid] = True\nelse [two_year_recid] = False'}]"
0.6518076926535787,0.0808823174517952,0.6593968489765698,0.03276773322781632,0.9550689655172413,"[{'accuracy': 0.6464454976303318, 'unfairness': 0.02993697478991597, 'accuracy_train': 0.6593172119487909, 'unfairness_train': 0.017912310530694975, 'description': ' if [priors_>3]: [two_year_recid] = True\nelse if [age_18-20]: [two_year_recid] = True\nelse if [race_Caucasian]: [two_year_recid] = False\nelse if [gender_Male__AND__priors_2-3]: [two_year_recid] = True\nelse [two_year_recid] = False'}, {'accuracy': 0.6654028436018957, 'unfairness': 0.04117766086604613, 'accuracy_train': 0.6548127074442864, 'unfairness_train': 0.04408626804184712, 'description': ' if [priors_>3]: [two_year_recid] = True\nelse if [age_18-20]: [two_year_recid] = True\nelse if [race_Caucasian]: [two_year_recid] = False\nelse if [charge_degree_Felony__AND__priors_2-3]: [two_year_recid] = True\nelse [two_year_recid] = False'}, {'accuracy': 0.6616113744075829, 'unfairness': 0.13989264205289342, 'accuracy_train': 0.6623992413466098, 'unfairness_train': 0.03991230840016957, 'description': ' if [charge_degree_Misdemeanor__AND__age_>45]: [two_year_recid] = False\nelse if [priors_>3]: [two_year_recid] = True\nelse if [age_18-20]: [two_year_recid] = True\nelse if [age_23-25__AND__priors_2-3]: [two_year_recid] = True\nelse [two_year_recid] = False'}, {'accuracy': 0.6489563567362429, 'unfairness': 0.1168841285296982, 'accuracy_train': 0.6617681915145769, 'unfairness_train': 0.02829662670755506, 'description': ' if [priors_>3]: [two_year_recid] = True\nelse if [age_18-20]: [two_year_recid] = True\nelse if [race_Caucasian]: [two_year_recid] = False\nelse if [gender_Male__AND__age_21-22]: [two_year_recid] = True\nelse [two_year_recid] = False'}, {'accuracy': 0.6366223908918406, 'unfairness': 0.07652018102042224, 'accuracy_train': 0.6586868926285849, 'unfairness_train': 0.03363115245881487, 'description': ' if [priors_>3]: [two_year_recid] = True\nelse if [age_>45]: [two_year_recid] = False\nelse if [juvenile-felonies_=0__AND__age_26-45]: [two_year_recid] = False\nelse if [race_African-American]: [two_year_recid] = True\nelse [two_year_recid] = False'}]"
0.6518076926535787,0.08193055328170003,0.6593494331396803,0.031199669414842646,0.9567586206896551,"[{'accuracy': 0.6464454976303318, 'unfairness': 0.02993697478991597, 'accuracy_train': 0.6593172119487909, 'unfairness_train': 0.017912310530694975, 'description': ' if [priors_>3]: [two_year_recid] = True\nelse if [age_18-20]: [two_year_recid] = True\nelse if [race_Caucasian]: [two_year_recid] = False\nelse if [gender_Male__AND__priors_2-3]: [two_year_recid] = True\nelse [two_year_recid] = False'}, {'accuracy': 0.6654028436018957, 'unfairness': 0.046418840015570284, 'accuracy_train': 0.6545756282598388, 'unfairness_train': 0.03624594897697875, 'description': ' if [priors_>3]: [two_year_recid] = True\nelse if [age_18-20]: [two_year_recid] = True\nelse if [race_Caucasian]: [two_year_recid] = False\nelse if [gender_Male__AND__priors_2-3]: [two_year_recid] = True\nelse [two_year_recid] = False'}, {'accuracy': 0.6616113744075829, 'unfairness': 0.13989264205289342, 'accuracy_train': 0.6623992413466098, 'unfairness_train': 0.03991230840016957, 'description': ' if [charge_degree_Misdemeanor__AND__age_>45]: [two_year_recid] = False\nelse if [priors_>3]: [two_year_recid] = True\nelse if [age_18-20]: [two_year_recid] = True\nelse if [age_23-25__AND__priors_2-3]: [two_year_recid] = True\nelse [two_year_recid] = False'}, {'accuracy': 0.6489563567362429, 'unfairness': 0.1168841285296982, 'accuracy_train': 0.6617681915145769, 'unfairness_train': 0.02829662670755506, 'description': ' if [priors_>3]: [two_year_recid] = True\nelse if [age_18-20]: [two_year_recid] = True\nelse if [race_Caucasian]: [two_year_recid] = False\nelse if [gender_Male__AND__age_21-22]: [two_year_recid] = True\nelse [two_year_recid] = False'}, {'accuracy': 0.6366223908918406, 'unfairness': 0.07652018102042224, 'accuracy_train': 0.6586868926285849, 'unfairness_train': 0.03363115245881487, 'description': ' if [priors_>3]: [two_year_recid] = True\nelse if [age_>45]: [two_year_recid] = False\nelse if [juvenile-felonies_=0__AND__age_26-45]: [two_year_recid] = False\nelse if [race_African-American]: [two_year_recid] = True\nelse [two_year_recid] = False'}]"
0.6518076926535787,0.08193055328170003,0.6593494331396803,0.031199669414842646,0.9584482758620689,"[{'accuracy': 0.6464454976303318, 'unfairness': 0.02993697478991597, 'accuracy_train': 0.6593172119487909, 'unfairness_train': 0.017912310530694975, 'description': ' if [priors_>3]: [two_year_recid] = True\nelse if [age_18-20]: [two_year_recid] = True\nelse if [race_Caucasian]: [two_year_recid] = False\nelse if [gender_Male__AND__priors_2-3]: [two_year_recid] = True\nelse [two_year_recid] = False'}, {'accuracy': 0.6654028436018957, 'unfairness': 0.046418840015570284, 'accuracy_train': 0.6545756282598388, 'unfairness_train': 0.03624594897697875, 'description': ' if [priors_>3]: [two_year_recid] = True\nelse if [age_18-20]: [two_year_recid] = True\nelse if [race_Caucasian]: [two_year_recid] = False\nelse if [gender_Male__AND__priors_2-3]: [two_year_recid] = True\nelse [two_year_recid] = False'}, {'accuracy': 0.6616113744075829, 'unfairness': 0.13989264205289342, 'accuracy_train': 0.6623992413466098, 'unfairness_train': 0.03991230840016957, 'description': ' if [charge_degree_Misdemeanor__AND__age_>45]: [two_year_recid] = False\nelse if [priors_>3]: [two_year_recid] = True\nelse if [age_18-20]: [two_year_recid] = True\nelse if [age_23-25__AND__priors_2-3]: [two_year_recid] = True\nelse [two_year_recid] = False'}, {'accuracy': 0.6489563567362429, 'unfairness': 0.1168841285296982, 'accuracy_train': 0.6617681915145769, 'unfairness_train': 0.02829662670755506, 'description': ' if [priors_>3]: [two_year_recid] = True\nelse if [age_18-20]: [two_year_recid] = True\nelse if [race_Caucasian]: [two_year_recid] = False\nelse if [gender_Male__AND__age_21-22]: [two_year_recid] = True\nelse [two_year_recid] = False'}, {'accuracy': 0.6366223908918406, 'unfairness': 0.07652018102042224, 'accuracy_train': 0.6586868926285849, 'unfairness_train': 0.03363115245881487, 'description': ' if [priors_>3]: [two_year_recid] = True\nelse if [age_>45]: [two_year_recid] = False\nelse if [juvenile-felonies_=0__AND__age_26-45]: [two_year_recid] = False\nelse if [race_African-American]: [two_year_recid] = True\nelse [two_year_recid] = False'}]"
0.6497223845967067,0.09562738393394732,0.6588752747707851,0.0311185756770914,0.9601379310344828,"[{'accuracy': 0.6464454976303318, 'unfairness': 0.02993697478991597, 'accuracy_train': 0.6593172119487909, 'unfairness_train': 0.017912310530694975, 'description': ' if [priors_>3]: [two_year_recid] = True\nelse if [age_18-20]: [two_year_recid] = True\nelse if [race_Caucasian]: [two_year_recid] = False\nelse if [gender_Male__AND__priors_2-3]: [two_year_recid] = True\nelse [two_year_recid] = False'}, {'accuracy': 0.6654028436018957, 'unfairness': 0.046418840015570284, 'accuracy_train': 0.6545756282598388, 'unfairness_train': 0.03624594897697875, 'description': ' if [priors_>3]: [two_year_recid] = True\nelse if [age_18-20]: [two_year_recid] = True\nelse if [race_Caucasian]: [two_year_recid] = False\nelse if [gender_Male__AND__priors_2-3]: [two_year_recid] = True\nelse [two_year_recid] = False'}, {'accuracy': 0.6511848341232227, 'unfairness': 0.2083767953141299, 'accuracy_train': 0.6600284495021337, 'unfairness_train': 0.03950683971141333, 'description': ' if [juvenile-misdemeanors_=0__AND__priors_0]: [two_year_recid] = False\nelse if [priors_1__AND__juvenile-crimes_=0]: [two_year_recid] = False\nelse if [age_26-45__AND__priors_2-3]: [two_year_recid] = False\nelse if [juvenile-felonies_=0__AND__age_>45]: [two_year_recid] = False\nelse [two_year_recid] = True'}, {'accuracy': 0.6489563567362429, 'unfairness': 0.1168841285296982, 'accuracy_train': 0.6617681915145769, 'unfairness_train': 0.02829662670755506, 'description': ' if [priors_>3]: [two_year_recid] = True\nelse if [age_18-20]: [two_year_recid] = True\nelse if [race_Caucasian]: [two_year_recid] = False\nelse if [gender_Male__AND__age_21-22]: [two_year_recid] = True\nelse [two_year_recid] = False'}, {'accuracy': 0.6366223908918406, 'unfairness': 0.07652018102042224, 'accuracy_train': 0.6586868926285849, 'unfairness_train': 0.03363115245881487, 'description': ' if [priors_>3]: [two_year_recid] = True\nelse if [age_>45]: [two_year_recid] = False\nelse if [juvenile-felonies_=0__AND__age_26-45]: [two_year_recid] = False\nelse if [race_African-American]: [two_year_recid] = True\nelse [two_year_recid] = False'}]"
0.6510493988147162,0.08079185171094819,0.6584011164018898,0.030750911144800795,0.9618275862068966,"[{'accuracy': 0.6464454976303318, 'unfairness': 0.02993697478991597, 'accuracy_train': 0.6593172119487909, 'unfairness_train': 0.017912310530694975, 'description': ' if [priors_>3]: [two_year_recid] = True\nelse if [age_18-20]: [two_year_recid] = True\nelse if [race_Caucasian]: [two_year_recid] = False\nelse if [gender_Male__AND__priors_2-3]: [two_year_recid] = True\nelse [two_year_recid] = False'}, {'accuracy': 0.6654028436018957, 'unfairness': 0.046418840015570284, 'accuracy_train': 0.6545756282598388, 'unfairness_train': 0.03624594897697875, 'description': ' if [priors_>3]: [two_year_recid] = True\nelse if [age_18-20]: [two_year_recid] = True\nelse if [race_Caucasian]: [two_year_recid] = False\nelse if [gender_Male__AND__priors_2-3]: [two_year_recid] = True\nelse [two_year_recid] = False'}, {'accuracy': 0.6578199052132702, 'unfairness': 0.1341991341991342, 'accuracy_train': 0.6576576576576577, 'unfairness_train': 0.037668517049960326, 'description': ' if [charge_degree_Misdemeanor__AND__age_>45]: [two_year_recid] = False\nelse if [priors_>3]: [two_year_recid] = True\nelse if [age_18-20__AND__juvenile-crimes_=0]: [two_year_recid] = True\nelse if [age_23-25__AND__priors_2-3]: [two_year_recid] = True\nelse [two_year_recid] = False'}, {'accuracy': 0.6489563567362429, 'unfairness': 0.1168841285296982, 'accuracy_train': 0.6617681915145769, 'unfairness_train': 0.02829662670755506, 'description': ' if [priors_>3]: [two_year_recid] = True\nelse if [age_18-20]: [two_year_recid] = True\nelse if [race_Caucasian]: [two_year_recid] = False\nelse if [gender_Male__AND__age_21-22]: [two_year_recid] = True\nelse [two_year_recid] = False'}, {'accuracy': 0.6366223908918406, 'unfairness': 0.07652018102042224, 'accuracy_train': 0.6586868926285849, 'unfairness_train': 0.03363115245881487, 'description': ' if [priors_>3]: [two_year_recid] = True\nelse if [age_>45]: [two_year_recid] = False\nelse if [juvenile-felonies_=0__AND__age_26-45]: [two_year_recid] = False\nelse if [race_African-American]: [two_year_recid] = True\nelse [two_year_recid] = False'}]"
0.6529451334118727,0.07726357171207995,0.6583062847281107,0.027842527283487926,0.9635172413793103,"[{'accuracy': 0.6464454976303318, 'unfairness': 0.02993697478991597, 'accuracy_train': 0.6593172119487909, 'unfairness_train': 0.017912310530694975, 'description': ' if [priors_>3]: [two_year_recid] = True\nelse if [age_18-20]: [two_year_recid] = True\nelse if [race_Caucasian]: [two_year_recid] = False\nelse if [gender_Male__AND__priors_2-3]: [two_year_recid] = True\nelse [two_year_recid] = False'}, {'accuracy': 0.6654028436018957, 'unfairness': 0.046418840015570284, 'accuracy_train': 0.6545756282598388, 'unfairness_train': 0.03624594897697875, 'description': ' if [priors_>3]: [two_year_recid] = True\nelse if [age_18-20]: [two_year_recid] = True\nelse if [race_Caucasian]: [two_year_recid] = False\nelse if [gender_Male__AND__priors_2-3]: [two_year_recid] = True\nelse [two_year_recid] = False'}, {'accuracy': 0.6672985781990521, 'unfairness': 0.1165577342047931, 'accuracy_train': 0.6571834992887624, 'unfairness_train': 0.023126597743395982, 'description': ' if [priors_>3]: [two_year_recid] = True\nelse if [age_18-20]: [two_year_recid] = True\nelse if [race_Caucasian]: [two_year_recid] = False\nelse if [gender_Male__AND__age_21-22]: [two_year_recid] = True\nelse [two_year_recid] = False'}, {'accuracy': 0.6489563567362429, 'unfairness': 0.1168841285296982, 'accuracy_train': 0.6617681915145769, 'unfairness_train': 0.02829662670755506, 'description': ' if [priors_>3]: [two_year_recid] = True\nelse if [age_18-20]: [two_year_recid] = True\nelse if [race_Caucasian]: [two_year_recid] = False\nelse if [gender_Male__AND__age_21-22]: [two_year_recid] = True\nelse [two_year_recid] = False'}, {'accuracy': 0.6366223908918406, 'unfairness': 0.07652018102042224, 'accuracy_train': 0.6586868926285849, 'unfairness_train': 0.03363115245881487, 'description': ' if [priors_>3]: [two_year_recid] = True\nelse if [age_>45]: [two_year_recid] = False\nelse if [juvenile-felonies_=0__AND__age_26-45]: [two_year_recid] = False\nelse if [race_African-American]: [two_year_recid] = True\nelse [two_year_recid] = False'}]"
0.6533242803313039,0.07811269407441442,0.6578321263592155,0.025455190091880263,0.9652068965517241,"[{'accuracy': 0.6464454976303318, 'unfairness': 0.02993697478991597, 'accuracy_train': 0.6593172119487909, 'unfairness_train': 0.017912310530694975, 'description': ' if [priors_>3]: [two_year_recid] = True\nelse if [age_18-20]: [two_year_recid] = True\nelse if [race_Caucasian]: [two_year_recid] = False\nelse if [gender_Male__AND__priors_2-3]: [two_year_recid] = True\nelse [two_year_recid] = False'}, {'accuracy': 0.6672985781990521, 'unfairness': 0.05066445182724255, 'accuracy_train': 0.6522048364153628, 'unfairness_train': 0.02430926301894043, 'description': ' if [priors_>3]: [two_year_recid] = True\nelse if [age_18-20]: [two_year_recid] = True\nelse if [race_Caucasian]: [two_year_recid] = False\nelse if [priors_2-3]: [two_year_recid] = True\nelse [two_year_recid] = False'}, {'accuracy': 0.6672985781990521, 'unfairness': 0.1165577342047931, 'accuracy_train': 0.6571834992887624, 'unfairness_train': 0.023126597743395982, 'description': ' if [priors_>3]: [two_year_recid] = True\nelse if [age_18-20]: [two_year_recid] = True\nelse if [race_Caucasian]: [two_year_recid] = False\nelse if [gender_Male__AND__age_21-22]: [two_year_recid] = True\nelse [two_year_recid] = False'}, {'accuracy': 0.6489563567362429, 'unfairness': 0.1168841285296982, 'accuracy_train': 0.6617681915145769, 'unfairness_train': 0.02829662670755506, 'description': ' if [priors_>3]: [two_year_recid] = True\nelse if [age_18-20]: [two_year_recid] = True\nelse if [race_Caucasian]: [two_year_recid] = False\nelse if [gender_Male__AND__age_21-22]: [two_year_recid] = True\nelse [two_year_recid] = False'}, {'accuracy': 0.6366223908918406, 'unfairness': 0.07652018102042224, 'accuracy_train': 0.6586868926285849, 'unfairness_train': 0.03363115245881487, 'description': ' if [priors_>3]: [two_year_recid] = True\nelse if [age_>45]: [two_year_recid] = False\nelse if [juvenile-felonies_=0__AND__age_26-45]: [two_year_recid] = False\nelse if [race_African-American]: [two_year_recid] = True\nelse [two_year_recid] = False'}]"
0.6533242803313039,0.07811269407441442,0.6576899125644775,0.025253093694876515,0.9668965517241379,"[{'accuracy': 0.6464454976303318, 'unfairness': 0.02993697478991597, 'accuracy_train': 0.6593172119487909, 'unfairness_train': 0.017912310530694975, 'description': ' if [priors_>3]: [two_year_recid] = True\nelse if [age_18-20]: [two_year_recid] = True\nelse if [race_Caucasian]: [two_year_recid] = False\nelse if [gender_Male__AND__priors_2-3]: [two_year_recid] = True\nelse [two_year_recid] = False'}, {'accuracy': 0.6672985781990521, 'unfairness': 0.05066445182724255, 'accuracy_train': 0.6522048364153628, 'unfairness_train': 0.02430926301894043, 'description': ' if [priors_>3]: [two_year_recid] = True\nelse if [age_18-20]: [two_year_recid] = True\nelse if [race_Caucasian]: [two_year_recid] = False\nelse if [priors_2-3]: [two_year_recid] = True\nelse [two_year_recid] = False'}, {'accuracy': 0.6672985781990521, 'unfairness': 0.1165577342047931, 'accuracy_train': 0.6571834992887624, 'unfairness_train': 0.023126597743395982, 'description': ' if [priors_>3]: [two_year_recid] = True\nelse if [age_18-20]: [two_year_recid] = True\nelse if [race_Caucasian]: [two_year_recid] = False\nelse if [gender_Male__AND__age_21-22]: [two_year_recid] = True\nelse [two_year_recid] = False'}, {'accuracy': 0.6489563567362429, 'unfairness': 0.1168841285296982, 'accuracy_train': 0.6617681915145769, 'unfairness_train': 0.02829662670755506, 'description': ' if [priors_>3]: [two_year_recid] = True\nelse if [age_18-20]: [two_year_recid] = True\nelse if [race_Caucasian]: [two_year_recid] = False\nelse if [gender_Male__AND__age_21-22]: [two_year_recid] = True\nelse [two_year_recid] = False'}, {'accuracy': 0.6366223908918406, 'unfairness': 0.07652018102042224, 'accuracy_train': 0.6579758236548945, 'unfairness_train': 0.03262067047379613, 'description': ' if [priors_>3]: [two_year_recid] = True\nelse if [juvenile-misdemeanors_=0__AND__age_26-45]: [two_year_recid] = False\nelse if [age_>45]: [two_year_recid] = False\nelse if [race_Caucasian]: [two_year_recid] = False\nelse [two_year_recid] = True'}]"
0.6531345270106208,0.07768843156198484,0.6570262481890331,0.024948820503690627,0.9685862068965517,"[{'accuracy': 0.6464454976303318, 'unfairness': 0.02993697478991597, 'accuracy_train': 0.6593172119487909, 'unfairness_train': 0.017912310530694975, 'description': ' if [priors_>3]: [two_year_recid] = True\nelse if [age_18-20]: [two_year_recid] = True\nelse if [race_Caucasian]: [two_year_recid] = False\nelse if [gender_Male__AND__priors_2-3]: [two_year_recid] = True\nelse [two_year_recid] = False'}, {'accuracy': 0.6672985781990521, 'unfairness': 0.05066445182724255, 'accuracy_train': 0.6522048364153628, 'unfairness_train': 0.02430926301894043, 'description': ' if [priors_>3]: [two_year_recid] = True\nelse if [age_18-20]: [two_year_recid] = True\nelse if [race_Caucasian]: [two_year_recid] = False\nelse if [priors_2-3]: [two_year_recid] = True\nelse [two_year_recid] = False'}, {'accuracy': 0.6672985781990521, 'unfairness': 0.1165577342047931, 'accuracy_train': 0.6571834992887624, 'unfairness_train': 0.023126597743395982, 'description': ' if [priors_>3]: [two_year_recid] = True\nelse if [age_18-20]: [two_year_recid] = True\nelse if [race_Caucasian]: [two_year_recid] = False\nelse if [gender_Male__AND__age_21-22]: [two_year_recid] = True\nelse [two_year_recid] = False'}, {'accuracy': 0.6489563567362429, 'unfairness': 0.1168841285296982, 'accuracy_train': 0.6617681915145769, 'unfairness_train': 0.02829662670755506, 'description': ' if [priors_>3]: [two_year_recid] = True\nelse if [age_18-20]: [two_year_recid] = True\nelse if [race_Caucasian]: [two_year_recid] = False\nelse if [gender_Male__AND__age_21-22]: [two_year_recid] = True\nelse [two_year_recid] = False'}, {'accuracy': 0.635673624288425, 'unfairness': 0.07439886845827437, 'accuracy_train': 0.6546575017776725, 'unfairness_train': 0.031099304517866688, 'description': ' if [priors_>3]: [two_year_recid] = True\nelse if [race_Caucasian]: [two_year_recid] = False\nelse if [priors_2-3]: [two_year_recid] = True\nelse if [gender_Male__AND__age_21-22]: [two_year_recid] = True\nelse [two_year_recid] = False'}]"
0.6519960070865221,0.08022089909445236,0.656884034394295,0.023684852156366665,0.9702758620689655,"[{'accuracy': 0.6464454976303318, 'unfairness': 0.02993697478991597, 'accuracy_train': 0.6593172119487909, 'unfairness_train': 0.017912310530694975, 'description': ' if [priors_>3]: [two_year_recid] = True\nelse if [age_18-20]: [two_year_recid] = True\nelse if [race_Caucasian]: [two_year_recid] = False\nelse if [gender_Male__AND__priors_2-3]: [two_year_recid] = True\nelse [two_year_recid] = False'}, {'accuracy': 0.6672985781990521, 'unfairness': 0.05066445182724255, 'accuracy_train': 0.6522048364153628, 'unfairness_train': 0.02430926301894043, 'description': ' if [priors_>3]: [two_year_recid] = True\nelse if [age_18-20]: [two_year_recid] = True\nelse if [race_Caucasian]: [two_year_recid] = False\nelse if [priors_2-3]: [two_year_recid] = True\nelse [two_year_recid] = False'}, {'accuracy': 0.6672985781990521, 'unfairness': 0.1165577342047931, 'accuracy_train': 0.6571834992887624, 'unfairness_train': 0.023126597743395982, 'description': ' if [priors_>3]: [two_year_recid] = True\nelse if [age_18-20]: [two_year_recid] = True\nelse if [race_Caucasian]: [two_year_recid] = False\nelse if [gender_Male__AND__age_21-22]: [two_year_recid] = True\nelse [two_year_recid] = False'}, {'accuracy': 0.6489563567362429, 'unfairness': 0.1168841285296982, 'accuracy_train': 0.6617681915145769, 'unfairness_train': 0.02829662670755506, 'description': ' if [priors_>3]: [two_year_recid] = True\nelse if [age_18-20]: [two_year_recid] = True\nelse if [race_Caucasian]: [two_year_recid] = False\nelse if [gender_Male__AND__age_21-22]: [two_year_recid] = True\nelse [two_year_recid] = False'}, {'accuracy': 0.6299810246679317, 'unfairness': 0.08706120612061197, 'accuracy_train': 0.653946432803982, 'unfairness_train': 0.024779462781246875, 'description': ' if [priors_>3]: [two_year_recid] = True\nelse if [age_>45__AND__gender_Male]: [two_year_recid] = False\nelse if [juvenile-felonies_=0__AND__age_26-45]: [two_year_recid] = False\nelse if [race_African-American]: [two_year_recid] = True\nelse [two_year_recid] = False'}]"
0.6504779805210572,0.07679495190731114,0.6567892251978029,0.0224575599650223,0.9719655172413793,"[{'accuracy': 0.6464454976303318, 'unfairness': 0.02993697478991597, 'accuracy_train': 0.6593172119487909, 'unfairness_train': 0.017912310530694975, 'description': ' if [priors_>3]: [two_year_recid] = True\nelse if [age_18-20]: [two_year_recid] = True\nelse if [race_Caucasian]: [two_year_recid] = False\nelse if [gender_Male__AND__priors_2-3]: [two_year_recid] = True\nelse [two_year_recid] = False'}, {'accuracy': 0.6672985781990521, 'unfairness': 0.05066445182724255, 'accuracy_train': 0.6522048364153628, 'unfairness_train': 0.02430926301894043, 'description': ' if [priors_>3]: [two_year_recid] = True\nelse if [age_18-20]: [two_year_recid] = True\nelse if [race_Caucasian]: [two_year_recid] = False\nelse if [priors_2-3]: [two_year_recid] = True\nelse [two_year_recid] = False'}, {'accuracy': 0.6672985781990521, 'unfairness': 0.1165577342047931, 'accuracy_train': 0.6571834992887624, 'unfairness_train': 0.023126597743395982, 'description': ' if [priors_>3]: [two_year_recid] = True\nelse if [age_18-20]: [two_year_recid] = True\nelse if [race_Caucasian]: [two_year_recid] = False\nelse if [gender_Male__AND__age_21-22]: [two_year_recid] = True\nelse [two_year_recid] = False'}, {'accuracy': 0.6413662239089184, 'unfairness': 0.0997543925939921, 'accuracy_train': 0.6612941455321166, 'unfairness_train': 0.02216016575083324, 'description': ' if [priors_>3]: [two_year_recid] = True\nelse if [age_18-20]: [two_year_recid] = True\nelse if [race_Caucasian]: [two_year_recid] = False\nelse if [age_21-22]: [two_year_recid] = True\nelse [two_year_recid] = False'}, {'accuracy': 0.6299810246679317, 'unfairness': 0.08706120612061197, 'accuracy_train': 0.653946432803982, 'unfairness_train': 0.024779462781246875, 'description': ' if [priors_>3]: [two_year_recid] = True\nelse if [age_>45__AND__gender_Male]: [two_year_recid] = False\nelse if [juvenile-felonies_=0__AND__age_26-45]: [two_year_recid] = False\nelse if [race_African-American]: [two_year_recid] = True\nelse [two_year_recid] = False'}]"
0.6504779805210572,0.07679495190731114,0.6567892251978029,0.0224575599650223,0.9736551724137931,"[{'accuracy': 0.6464454976303318, 'unfairness': 0.02993697478991597, 'accuracy_train': 0.6593172119487909, 'unfairness_train': 0.017912310530694975, 'description': ' if [priors_>3]: [two_year_recid] = True\nelse if [age_18-20]: [two_year_recid] = True\nelse if [race_Caucasian]: [two_year_recid] = False\nelse if [gender_Male__AND__priors_2-3]: [two_year_recid] = True\nelse [two_year_recid] = False'}, {'accuracy': 0.6672985781990521, 'unfairness': 0.05066445182724255, 'accuracy_train': 0.6522048364153628, 'unfairness_train': 0.02430926301894043, 'description': ' if [priors_>3]: [two_year_recid] = True\nelse if [age_18-20]: [two_year_recid] = True\nelse if [race_Caucasian]: [two_year_recid] = False\nelse if [priors_2-3]: [two_year_recid] = True\nelse [two_year_recid] = False'}, {'accuracy': 0.6672985781990521, 'unfairness': 0.1165577342047931, 'accuracy_train': 0.6571834992887624, 'unfairness_train': 0.023126597743395982, 'description': ' if [priors_>3]: [two_year_recid] = True\nelse if [age_18-20]: [two_year_recid] = True\nelse if [race_Caucasian]: [two_year_recid] = False\nelse if [gender_Male__AND__age_21-22]: [two_year_recid] = True\nelse [two_year_recid] = False'}, {'accuracy': 0.6413662239089184, 'unfairness': 0.0997543925939921, 'accuracy_train': 0.6612941455321166, 'unfairness_train': 0.02216016575083324, 'description': ' if [priors_>3]: [two_year_recid] = True\nelse if [age_18-20]: [two_year_recid] = True\nelse if [race_Caucasian]: [two_year_recid] = False\nelse if [age_21-22]: [two_year_recid] = True\nelse [two_year_recid] = False'}, {'accuracy': 0.6299810246679317, 'unfairness': 0.08706120612061197, 'accuracy_train': 0.653946432803982, 'unfairness_train': 0.024779462781246875, 'description': ' if [priors_>3]: [two_year_recid] = True\nelse if [age_>45__AND__gender_Male]: [two_year_recid] = False\nelse if [juvenile-felonies_=0__AND__age_26-45]: [two_year_recid] = False\nelse if [race_African-American]: [two_year_recid] = True\nelse [two_year_recid] = False'}]"
0.650288227200374,0.07696993637614527,0.6566944160013108,0.02242872787078254,0.9753448275862069,"[{'accuracy': 0.6464454976303318, 'unfairness': 0.02993697478991597, 'accuracy_train': 0.6593172119487909, 'unfairness_train': 0.017912310530694975, 'description': ' if [priors_>3]: [two_year_recid] = True\nelse if [age_18-20]: [two_year_recid] = True\nelse if [race_Caucasian]: [two_year_recid] = False\nelse if [gender_Male__AND__priors_2-3]: [two_year_recid] = True\nelse [two_year_recid] = False'}, {'accuracy': 0.6672985781990521, 'unfairness': 0.05066445182724255, 'accuracy_train': 0.6522048364153628, 'unfairness_train': 0.02430926301894043, 'description': ' if [priors_>3]: [two_year_recid] = True\nelse if [age_18-20]: [two_year_recid] = True\nelse if [race_Caucasian]: [two_year_recid] = False\nelse if [priors_2-3]: [two_year_recid] = True\nelse [two_year_recid] = False'}, {'accuracy': 0.6672985781990521, 'unfairness': 0.1165577342047931, 'accuracy_train': 0.6571834992887624, 'unfairness_train': 0.023126597743395982, 'description': ' if [priors_>3]: [two_year_recid] = True\nelse if [age_18-20]: [two_year_recid] = True\nelse if [race_Caucasian]: [two_year_recid] = False\nelse if [gender_Male__AND__age_21-22]: [two_year_recid] = True\nelse [two_year_recid] = False'}, {'accuracy': 0.6413662239089184, 'unfairness': 0.0997543925939921, 'accuracy_train': 0.6612941455321166, 'unfairness_train': 0.02216016575083324, 'description': ' if [priors_>3]: [two_year_recid] = True\nelse if [age_18-20]: [two_year_recid] = True\nelse if [race_Caucasian]: [two_year_recid] = False\nelse if [age_21-22]: [two_year_recid] = True\nelse [two_year_recid] = False'}, {'accuracy': 0.6290322580645161, 'unfairness': 0.0879361284647826, 'accuracy_train': 0.6534723868215216, 'unfairness_train': 0.02463530231004807, 'description': ' if [priors_>3]: [two_year_recid] = True\nelse if [age_>45__AND__gender_Male]: [two_year_recid] = False\nelse if [age_26-45]: [two_year_recid] = False\nelse if [race_Caucasian]: [two_year_recid] = False\nelse [two_year_recid] = True'}]"
0.6514278262902776,0.07053897629848434,0.656125459674567,0.019550308386334602,0.9770344827586207,"[{'accuracy': 0.6464454976303318, 'unfairness': 0.02993697478991597, 'accuracy_train': 0.6593172119487909, 'unfairness_train': 0.017912310530694975, 'description': ' if [priors_>3]: [two_year_recid] = True\nelse if [age_18-20]: [two_year_recid] = True\nelse if [race_Caucasian]: [two_year_recid] = False\nelse if [gender_Male__AND__priors_2-3]: [two_year_recid] = True\nelse [two_year_recid] = False'}, {'accuracy': 0.6663507109004739, 'unfairness': 0.046234051310193425, 'accuracy_train': 0.6512565196775723, 'unfairness_train': 0.019869165459026172, 'description': ' if [priors_>3]: [two_year_recid] = True\nelse if [race_Caucasian]: [two_year_recid] = False\nelse if [age_>45]: [two_year_recid] = False\nelse if [juvenile-felonies_=0__AND__age_26-45]: [two_year_recid] = False\nelse [two_year_recid] = True'}, {'accuracy': 0.6625592417061611, 'unfairness': 0.10019737605944501, 'accuracy_train': 0.6559981033665244, 'unfairness_train': 0.01656361393746586, 'description': ' if [priors_>3]: [two_year_recid] = True\nelse if [age_18-20]: [two_year_recid] = True\nelse if [race_Caucasian]: [two_year_recid] = False\nelse if [age_21-22]: [two_year_recid] = True\nelse [two_year_recid] = False'}, {'accuracy': 0.6413662239089184, 'unfairness': 0.0997543925939921, 'accuracy_train': 0.6612941455321166, 'unfairness_train': 0.02216016575083324, 'description': ' if [priors_>3]: [two_year_recid] = True\nelse if [age_18-20]: [two_year_recid] = True\nelse if [race_Caucasian]: [two_year_recid] = False\nelse if [age_21-22]: [two_year_recid] = True\nelse [two_year_recid] = False'}, {'accuracy': 0.6404174573055028, 'unfairness': 0.07657208673887517, 'accuracy_train': 0.6527613178478312, 'unfairness_train': 0.02124628625365277, 'description': ' if [priors_0__AND__juvenile-crimes_=0]: [two_year_recid] = False\nelse if [priors_>3]: [two_year_recid] = True\nelse if [race_Caucasian]: [two_year_recid] = False\nelse if [priors_1__AND__age_26-45]: [two_year_recid] = False\nelse [two_year_recid] = True'}]"
0.6527560995350594,0.07156563491292658,0.6556988182903528,0.017804360789737038,0.9787241379310344,"[{'accuracy': 0.6464454976303318, 'unfairness': 0.02993697478991597, 'accuracy_train': 0.6593172119487909, 'unfairness_train': 0.017912310530694975, 'description': ' if [priors_>3]: [two_year_recid] = True\nelse if [age_18-20]: [two_year_recid] = True\nelse if [race_Caucasian]: [two_year_recid] = False\nelse if [gender_Male__AND__priors_2-3]: [two_year_recid] = True\nelse [two_year_recid] = False'}, {'accuracy': 0.6663507109004739, 'unfairness': 0.046234051310193425, 'accuracy_train': 0.6512565196775723, 'unfairness_train': 0.019869165459026172, 'description': ' if [priors_>3]: [two_year_recid] = True\nelse if [race_Caucasian]: [two_year_recid] = False\nelse if [age_>45]: [two_year_recid] = False\nelse if [juvenile-felonies_=0__AND__age_26-45]: [two_year_recid] = False\nelse [two_year_recid] = True'}, {'accuracy': 0.6625592417061611, 'unfairness': 0.10019737605944501, 'accuracy_train': 0.6559981033665244, 'unfairness_train': 0.01656361393746586, 'description': ' if [priors_>3]: [two_year_recid] = True\nelse if [age_18-20]: [two_year_recid] = True\nelse if [race_Caucasian]: [two_year_recid] = False\nelse if [age_21-22]: [two_year_recid] = True\nelse [two_year_recid] = False'}, {'accuracy': 0.6480075901328273, 'unfairness': 0.10488768566620332, 'accuracy_train': 0.6591609386110453, 'unfairness_train': 0.013430427767845421, 'description': ' if [priors_>3]: [two_year_recid] = True\nelse if [age_18-20]: [two_year_recid] = True\nelse if [race_Caucasian]: [two_year_recid] = False\nelse if [charge_degree_Felony__AND__priors_2-3]: [two_year_recid] = True\nelse [two_year_recid] = False'}, {'accuracy': 0.6404174573055028, 'unfairness': 0.07657208673887517, 'accuracy_train': 0.6527613178478312, 'unfairness_train': 0.02124628625365277, 'description': ' if [priors_0__AND__juvenile-crimes_=0]: [two_year_recid] = False\nelse if [priors_>3]: [two_year_recid] = True\nelse if [race_Caucasian]: [two_year_recid] = False\nelse if [priors_1__AND__age_26-45]: [two_year_recid] = False\nelse [two_year_recid] = True'}]"
0.649720585987032,0.06876497793543176,0.6552721544288516,0.01476111513002849,0.9804137931034482,"[{'accuracy': 0.6464454976303318, 'unfairness': 0.02993697478991597, 'accuracy_train': 0.6593172119487909, 'unfairness_train': 0.017912310530694975, 'description': ' if [priors_>3]: [two_year_recid] = True\nelse if [age_18-20]: [two_year_recid] = True\nelse if [race_Caucasian]: [two_year_recid] = False\nelse if [gender_Male__AND__priors_2-3]: [two_year_recid] = True\nelse [two_year_recid] = False'}, {'accuracy': 0.6635071090047393, 'unfairness': 0.05099053713663282, 'accuracy_train': 0.6507823613086771, 'unfairness_train': 0.018779296763467346, 'description': ' if [priors_>3]: [two_year_recid] = True\nelse if [age_26-45__AND__juvenile-crimes_=0]: [two_year_recid] = False\nelse if [age_>45]: [two_year_recid] = False\nelse if [race_African-American]: [two_year_recid] = True\nelse [two_year_recid] = False'}, {'accuracy': 0.6625592417061611, 'unfairness': 0.10019737605944501, 'accuracy_train': 0.6559981033665244, 'unfairness_train': 0.01656361393746586, 'description': ' if [priors_>3]: [two_year_recid] = True\nelse if [age_18-20]: [two_year_recid] = True\nelse if [race_Caucasian]: [two_year_recid] = False\nelse if [age_21-22]: [two_year_recid] = True\nelse [two_year_recid] = False'}, {'accuracy': 0.6480075901328273, 'unfairness': 0.10488768566620332, 'accuracy_train': 0.6591609386110453, 'unfairness_train': 0.013430427767845421, 'description': ' if [priors_>3]: [two_year_recid] = True\nelse if [age_18-20]: [two_year_recid] = True\nelse if [race_Caucasian]: [two_year_recid] = False\nelse if [charge_degree_Felony__AND__priors_2-3]: [two_year_recid] = True\nelse [two_year_recid] = False'}, {'accuracy': 0.6280834914611005, 'unfairness': 0.05781231602496173, 'accuracy_train': 0.6511021569092202, 'unfairness_train': 0.007119926650668851, 'description': ' if [charge_degree_Felony__AND__priors_>3]: [two_year_recid] = True\nelse if [priors_0__AND__juvenile-crimes_=0]: [two_year_recid] = False\nelse if [race_Caucasian]: [two_year_recid] = False\nelse if [priors_1__AND__age_26-45]: [two_year_recid] = False\nelse [two_year_recid] = True'}]"
0.6472561310107287,0.0712978138286769,0.6548928277337354,0.011691006689409056,0.982103448275862,"[{'accuracy': 0.6407582938388625, 'unfairness': 0.013071895424836666, 'accuracy_train': 0.6588430535798957, 'unfairness_train': 0.009235209235209263, 'description': ' if [priors_>3]: [two_year_recid] = True\nelse if [age_18-20]: [two_year_recid] = True\nelse if [race_Caucasian]: [two_year_recid] = False\nelse if [priors_2-3]: [two_year_recid] = True\nelse [two_year_recid] = False'}, {'accuracy': 0.656872037914692, 'unfairness': 0.08051979596793779, 'accuracy_train': 0.6493598862019915, 'unfairness_train': 0.012105855855855885, 'description': ' if [age_26-45__AND__priors_>3]: [two_year_recid] = True\nelse if [juvenile-felonies_=0__AND__age_26-45]: [two_year_recid] = False\nelse if [priors_0__AND__juvenile-crimes_=0]: [two_year_recid] = False\nelse if [race_African-American]: [two_year_recid] = True\nelse [two_year_recid] = False'}, {'accuracy': 0.6625592417061611, 'unfairness': 0.10019737605944501, 'accuracy_train': 0.6559981033665244, 'unfairness_train': 0.01656361393746586, 'description': ' if [priors_>3]: [two_year_recid] = True\nelse if [age_18-20]: [two_year_recid] = True\nelse if [race_Caucasian]: [two_year_recid] = False\nelse if [age_21-22]: [two_year_recid] = True\nelse [two_year_recid] = False'}, {'accuracy': 0.6480075901328273, 'unfairness': 0.10488768566620332, 'accuracy_train': 0.6591609386110453, 'unfairness_train': 0.013430427767845421, 'description': ' if [priors_>3]: [two_year_recid] = True\nelse if [age_18-20]: [two_year_recid] = True\nelse if [race_Caucasian]: [two_year_recid] = False\nelse if [charge_degree_Felony__AND__priors_2-3]: [two_year_recid] = True\nelse [two_year_recid] = False'}, {'accuracy': 0.6280834914611005, 'unfairness': 0.05781231602496173, 'accuracy_train': 0.6511021569092202, 'unfairness_train': 0.007119926650668851, 'description': ' if [charge_degree_Felony__AND__priors_>3]: [two_year_recid] = True\nelse if [priors_0__AND__juvenile-crimes_=0]: [two_year_recid] = False\nelse if [race_Caucasian]: [two_year_recid] = False\nelse if [priors_1__AND__age_26-45]: [two_year_recid] = False\nelse [two_year_recid] = True'}]"
0.6444125291149941,0.060351934675901206,0.6548454118968459,0.008772570822840242,0.9837931034482759,"[{'accuracy': 0.6407582938388625, 'unfairness': 0.013071895424836666, 'accuracy_train': 0.6588430535798957, 'unfairness_train': 0.009235209235209263, 'description': ' if [priors_>3]: [two_year_recid] = True\nelse if [age_18-20]: [two_year_recid] = True\nelse if [race_Caucasian]: [two_year_recid] = False\nelse if [priors_2-3]: [two_year_recid] = True\nelse [two_year_recid] = False'}, {'accuracy': 0.656872037914692, 'unfairness': 0.08051979596793779, 'accuracy_train': 0.6493598862019915, 'unfairness_train': 0.012105855855855885, 'description': ' if [age_26-45__AND__priors_>3]: [two_year_recid] = True\nelse if [juvenile-felonies_=0__AND__age_26-45]: [two_year_recid] = False\nelse if [priors_0__AND__juvenile-crimes_=0]: [two_year_recid] = False\nelse if [race_African-American]: [two_year_recid] = True\nelse [two_year_recid] = False'}, {'accuracy': 0.6483412322274882, 'unfairness': 0.045467980295566535, 'accuracy_train': 0.6557610241820768, 'unfairness_train': 0.001971434604621791, 'description': ' if [priors_>3]: [two_year_recid] = True\nelse if [age_>45]: [two_year_recid] = False\nelse if [juvenile-felonies_=0__AND__age_26-45]: [two_year_recid] = False\nelse if [race_Caucasian]: [two_year_recid] = False\nelse [two_year_recid] = True'}, {'accuracy': 0.6480075901328273, 'unfairness': 0.10488768566620332, 'accuracy_train': 0.6591609386110453, 'unfairness_train': 0.013430427767845421, 'description': ' if [priors_>3]: [two_year_recid] = True\nelse if [age_18-20]: [two_year_recid] = True\nelse if [race_Caucasian]: [two_year_recid] = False\nelse if [charge_degree_Felony__AND__priors_2-3]: [two_year_recid] = True\nelse [two_year_recid] = False'}, {'accuracy': 0.6280834914611005, 'unfairness': 0.05781231602496173, 'accuracy_train': 0.6511021569092202, 'unfairness_train': 0.007119926650668851, 'description': ' if [charge_degree_Felony__AND__priors_>3]: [two_year_recid] = True\nelse if [priors_0__AND__juvenile-crimes_=0]: [two_year_recid] = False\nelse if [race_Caucasian]: [two_year_recid] = False\nelse if [priors_1__AND__age_26-45]: [two_year_recid] = False\nelse [two_year_recid] = True'}]"
0.6444125291149941,0.060351934675901206,0.6548454118968459,0.008772570822840242,0.9854827586206897,"[{'accuracy': 0.6407582938388625, 'unfairness': 0.013071895424836666, 'accuracy_train': 0.6588430535798957, 'unfairness_train': 0.009235209235209263, 'description': ' if [priors_>3]: [two_year_recid] = True\nelse if [age_18-20]: [two_year_recid] = True\nelse if [race_Caucasian]: [two_year_recid] = False\nelse if [priors_2-3]: [two_year_recid] = True\nelse [two_year_recid] = False'}, {'accuracy': 0.656872037914692, 'unfairness': 0.08051979596793779, 'accuracy_train': 0.6493598862019915, 'unfairness_train': 0.012105855855855885, 'description': ' if [age_26-45__AND__priors_>3]: [two_year_recid] = True\nelse if [juvenile-felonies_=0__AND__age_26-45]: [two_year_recid] = False\nelse if [priors_0__AND__juvenile-crimes_=0]: [two_year_recid] = False\nelse if [race_African-American]: [two_year_recid] = True\nelse [two_year_recid] = False'}, {'accuracy': 0.6483412322274882, 'unfairness': 0.045467980295566535, 'accuracy_train': 0.6557610241820768, 'unfairness_train': 0.001971434604621791, 'description': ' if [priors_>3]: [two_year_recid] = True\nelse if [age_>45]: [two_year_recid] = False\nelse if [juvenile-felonies_=0__AND__age_26-45]: [two_year_recid] = False\nelse if [race_Caucasian]: [two_year_recid] = False\nelse [two_year_recid] = True'}, {'accuracy': 0.6480075901328273, 'unfairness': 0.10488768566620332, 'accuracy_train': 0.6591609386110453, 'unfairness_train': 0.013430427767845421, 'description': ' if [priors_>3]: [two_year_recid] = True\nelse if [age_18-20]: [two_year_recid] = True\nelse if [race_Caucasian]: [two_year_recid] = False\nelse if [charge_degree_Felony__AND__priors_2-3]: [two_year_recid] = True\nelse [two_year_recid] = False'}, {'accuracy': 0.6280834914611005, 'unfairness': 0.05781231602496173, 'accuracy_train': 0.6511021569092202, 'unfairness_train': 0.007119926650668851, 'description': ' if [charge_degree_Felony__AND__priors_>3]: [two_year_recid] = True\nelse if [priors_0__AND__juvenile-crimes_=0]: [two_year_recid] = False\nelse if [race_Caucasian]: [two_year_recid] = False\nelse if [priors_1__AND__age_26-45]: [two_year_recid] = False\nelse [two_year_recid] = True'}]"
0.6444125291149941,0.05858308537554426,0.6547980072985998,0.007400182867798466,0.9871724137931034,"[{'accuracy': 0.6407582938388625, 'unfairness': 0.013071895424836666, 'accuracy_train': 0.6588430535798957, 'unfairness_train': 0.009235209235209263, 'description': ' if [priors_>3]: [two_year_recid] = True\nelse if [age_18-20]: [two_year_recid] = True\nelse if [race_Caucasian]: [two_year_recid] = False\nelse if [priors_2-3]: [two_year_recid] = True\nelse [two_year_recid] = False'}, {'accuracy': 0.656872037914692, 'unfairness': 0.08051979596793779, 'accuracy_train': 0.6493598862019915, 'unfairness_train': 0.012105855855855885, 'description': ' if [age_26-45__AND__priors_>3]: [two_year_recid] = True\nelse if [juvenile-felonies_=0__AND__age_26-45]: [two_year_recid] = False\nelse if [priors_0__AND__juvenile-crimes_=0]: [two_year_recid] = False\nelse if [race_African-American]: [two_year_recid] = True\nelse [two_year_recid] = False'}, {'accuracy': 0.6483412322274882, 'unfairness': 0.045467980295566535, 'accuracy_train': 0.6557610241820768, 'unfairness_train': 0.001971434604621791, 'description': ' if [priors_>3]: [two_year_recid] = True\nelse if [age_>45]: [two_year_recid] = False\nelse if [juvenile-felonies_=0__AND__age_26-45]: [two_year_recid] = False\nelse if [race_Caucasian]: [two_year_recid] = False\nelse [two_year_recid] = True'}, {'accuracy': 0.6480075901328273, 'unfairness': 0.0960434391644186, 'accuracy_train': 0.6589239156198151, 'unfairness_train': 0.00656848799263654, 'description': ' if [priors_>3]: [two_year_recid] = True\nelse if [age_18-20]: [two_year_recid] = True\nelse if [race_Caucasian]: [two_year_recid] = False\nelse if [gender_Male__AND__priors_2-3]: [two_year_recid] = True\nelse [two_year_recid] = False'}, {'accuracy': 0.6280834914611005, 'unfairness': 0.05781231602496173, 'accuracy_train': 0.6511021569092202, 'unfairness_train': 0.007119926650668851, 'description': ' if [charge_degree_Felony__AND__priors_>3]: [two_year_recid] = True\nelse if [priors_0__AND__juvenile-crimes_=0]: [two_year_recid] = False\nelse if [race_Caucasian]: [two_year_recid] = False\nelse if [priors_1__AND__age_26-45]: [two_year_recid] = False\nelse [two_year_recid] = True'}]"
0.6438438087358471,0.05964159757783771,0.6547031756248208,0.0071380042480420295,0.9888620689655172,"[{'accuracy': 0.6407582938388625, 'unfairness': 0.013071895424836666, 'accuracy_train': 0.6588430535798957, 'unfairness_train': 0.009235209235209263, 'description': ' if [priors_>3]: [two_year_recid] = True\nelse if [age_18-20]: [two_year_recid] = True\nelse if [race_Caucasian]: [two_year_recid] = False\nelse if [priors_2-3]: [two_year_recid] = True\nelse [two_year_recid] = False'}, {'accuracy': 0.6540284360189573, 'unfairness': 0.08581235697940504, 'accuracy_train': 0.6488857278330963, 'unfairness_train': 0.0107949627570737, 'description': ' if [age_26-45__AND__priors_>3]: [two_year_recid] = True\nelse if [priors_0__AND__juvenile-crimes_=0]: [two_year_recid] = False\nelse if [age_26-45__AND__juvenile-crimes_=0]: [two_year_recid] = False\nelse if [race_African-American]: [two_year_recid] = True\nelse [two_year_recid] = False'}, {'accuracy': 0.6483412322274882, 'unfairness': 0.045467980295566535, 'accuracy_train': 0.6557610241820768, 'unfairness_train': 0.001971434604621791, 'description': ' if [priors_>3]: [two_year_recid] = True\nelse if [age_>45]: [two_year_recid] = False\nelse if [juvenile-felonies_=0__AND__age_26-45]: [two_year_recid] = False\nelse if [race_Caucasian]: [two_year_recid] = False\nelse [two_year_recid] = True'}, {'accuracy': 0.6480075901328273, 'unfairness': 0.0960434391644186, 'accuracy_train': 0.6589239156198151, 'unfairness_train': 0.00656848799263654, 'description': ' if [priors_>3]: [two_year_recid] = True\nelse if [age_18-20]: [two_year_recid] = True\nelse if [race_Caucasian]: [two_year_recid] = False\nelse if [gender_Male__AND__priors_2-3]: [two_year_recid] = True\nelse [two_year_recid] = False'}, {'accuracy': 0.6280834914611005, 'unfairness': 0.05781231602496173, 'accuracy_train': 0.6511021569092202, 'unfairness_train': 0.007119926650668851, 'description': ' if [charge_degree_Felony__AND__priors_>3]: [two_year_recid] = True\nelse if [priors_0__AND__juvenile-crimes_=0]: [two_year_recid] = False\nelse if [race_Caucasian]: [two_year_recid] = False\nelse if [priors_1__AND__age_26-45]: [two_year_recid] = False\nelse [two_year_recid] = True'}]"
0.6451708229538566,0.053968941120047506,0.6539445222345884,0.006781539456418151,0.990551724137931,"[{'accuracy': 0.6407582938388625, 'unfairness': 0.013071895424836666, 'accuracy_train': 0.6588430535798957, 'unfairness_train': 0.009235209235209263, 'description': ' if [priors_>3]: [two_year_recid] = True\nelse if [age_18-20]: [two_year_recid] = True\nelse if [race_Caucasian]: [two_year_recid] = False\nelse if [priors_2-3]: [two_year_recid] = True\nelse [two_year_recid] = False'}, {'accuracy': 0.6606635071090048, 'unfairness': 0.057449074690454016, 'accuracy_train': 0.6450924608819346, 'unfairness_train': 0.009012638798954309, 'description': ' if [priors_>3]: [two_year_recid] = True\nelse if [race_Caucasian]: [two_year_recid] = False\nelse if [age_26-45__AND__juvenile-crimes_=0]: [two_year_recid] = False\nelse if [age_>45__AND__gender_Male]: [two_year_recid] = False\nelse [two_year_recid] = True'}, {'accuracy': 0.6483412322274882, 'unfairness': 0.045467980295566535, 'accuracy_train': 0.6557610241820768, 'unfairness_train': 0.001971434604621791, 'description': ' if [priors_>3]: [two_year_recid] = True\nelse if [age_>45]: [two_year_recid] = False\nelse if [juvenile-felonies_=0__AND__age_26-45]: [two_year_recid] = False\nelse if [race_Caucasian]: [two_year_recid] = False\nelse [two_year_recid] = True'}, {'accuracy': 0.6480075901328273, 'unfairness': 0.0960434391644186, 'accuracy_train': 0.6589239156198151, 'unfairness_train': 0.00656848799263654, 'description': ' if [priors_>3]: [two_year_recid] = True\nelse if [age_18-20]: [two_year_recid] = True\nelse if [race_Caucasian]: [two_year_recid] = False\nelse if [gender_Male__AND__priors_2-3]: [two_year_recid] = True\nelse [two_year_recid] = False'}, {'accuracy': 0.6280834914611005, 'unfairness': 0.05781231602496173, 'accuracy_train': 0.6511021569092202, 'unfairness_train': 0.007119926650668851, 'description': ' if [charge_degree_Felony__AND__priors_>3]: [two_year_recid] = True\nelse if [priors_0__AND__juvenile-crimes_=0]: [two_year_recid] = False\nelse if [race_Caucasian]: [two_year_recid] = False\nelse if [priors_1__AND__age_26-45]: [two_year_recid] = False\nelse [two_year_recid] = True'}]"
0.644981249494141,0.055056231143714385,0.6529013738230189,0.005549969250718778,0.9922413793103448,"[{'accuracy': 0.6417061611374407, 'unfairness': 0.016045291355978986, 'accuracy_train': 0.6545756282598388, 'unfairness_train': 0.006815542181395795, 'description': ' if [priors_>3]: [two_year_recid] = True\nelse if [age_18-20]: [two_year_recid] = True\nelse if [race_Caucasian]: [two_year_recid] = False\nelse if [juvenile-misdemeanors_=0__AND__priors_2-3]: [two_year_recid] = True\nelse [two_year_recid] = False'}, {'accuracy': 0.6587677725118484, 'unfairness': 0.059912128877646076, 'accuracy_train': 0.6441441441441441, 'unfairness_train': 0.005274454824270913, 'description': ' if [priors_>3]: [two_year_recid] = True\nelse if [race_Caucasian]: [two_year_recid] = False\nelse if [charge_degree_Felony__AND__age_>45]: [two_year_recid] = False\nelse if [juvenile-felonies_=0__AND__age_26-45]: [two_year_recid] = False\nelse [two_year_recid] = True'}, {'accuracy': 0.6483412322274882, 'unfairness': 0.045467980295566535, 'accuracy_train': 0.6557610241820768, 'unfairness_train': 0.001971434604621791, 'description': ' if [priors_>3]: [two_year_recid] = True\nelse if [age_>45]: [two_year_recid] = False\nelse if [juvenile-felonies_=0__AND__age_26-45]: [two_year_recid] = False\nelse if [race_Caucasian]: [two_year_recid] = False\nelse [two_year_recid] = True'}, {'accuracy': 0.6480075901328273, 'unfairness': 0.0960434391644186, 'accuracy_train': 0.6589239156198151, 'unfairness_train': 0.00656848799263654, 'description': ' if [priors_>3]: [two_year_recid] = True\nelse if [age_18-20]: [two_year_recid] = True\nelse if [race_Caucasian]: [two_year_recid] = False\nelse if [gender_Male__AND__priors_2-3]: [two_year_recid] = True\nelse [two_year_recid] = False'}, {'accuracy': 0.6280834914611005, 'unfairness': 0.05781231602496173, 'accuracy_train': 0.6511021569092202, 'unfairness_train': 0.007119926650668851, 'description': ' if [charge_degree_Felony__AND__priors_>3]: [two_year_recid] = True\nelse if [priors_0__AND__juvenile-crimes_=0]: [two_year_recid] = False\nelse if [race_Caucasian]: [two_year_recid] = False\nelse if [priors_1__AND__age_26-45]: [two_year_recid] = False\nelse [two_year_recid] = True'}]"
0.6442233153772134,0.06285359707368543,0.6519532481421679,0.0026004400491842494,0.9939310344827587,"[{'accuracy': 0.6360189573459716, 'unfairness': 0.0003820293398533181, 'accuracy_train': 0.6538643907064959, 'unfairness_train': 0.002672042081306003, 'description': ' if [priors_>3]: [two_year_recid] = True\nelse if [race_Caucasian]: [two_year_recid] = False\nelse if [priors_0__AND__juvenile-crimes_=0]: [two_year_recid] = False\nelse if [priors_1__AND__age_26-45]: [two_year_recid] = False\nelse [two_year_recid] = True'}, {'accuracy': 0.6587677725118484, 'unfairness': 0.059912128877646076, 'accuracy_train': 0.6441441441441441, 'unfairness_train': 0.005274454824270913, 'description': ' if [priors_>3]: [two_year_recid] = True\nelse if [race_Caucasian]: [two_year_recid] = False\nelse if [charge_degree_Felony__AND__age_>45]: [two_year_recid] = False\nelse if [juvenile-felonies_=0__AND__age_26-45]: [two_year_recid] = False\nelse [two_year_recid] = True'}, {'accuracy': 0.6483412322274882, 'unfairness': 0.045467980295566535, 'accuracy_train': 0.6557610241820768, 'unfairness_train': 0.001971434604621791, 'description': ' if [priors_>3]: [two_year_recid] = True\nelse if [age_>45]: [two_year_recid] = False\nelse if [juvenile-felonies_=0__AND__age_26-45]: [two_year_recid] = False\nelse if [race_Caucasian]: [two_year_recid] = False\nelse [two_year_recid] = True'}, {'accuracy': 0.6432637571157496, 'unfairness': 0.08128086874039187, 'accuracy_train': 0.6582128466461247, 'unfairness_train': 0.002614379084967311, 'description': ' if [priors_>3]: [two_year_recid] = True\nelse if [age_18-20]: [two_year_recid] = True\nelse if [race_Caucasian]: [two_year_recid] = False\nelse if [priors_2-3]: [two_year_recid] = True\nelse [two_year_recid] = False'}, {'accuracy': 0.6347248576850095, 'unfairness': 0.12722497811496936, 'accuracy_train': 0.6477838350319981, 'unfairness_train': 0.0004698896507552286, 'description': ' if [priors_0__AND__juvenile-crimes_=0]: [two_year_recid] = False\nelse if [priors_1__AND__age_26-45]: [two_year_recid] = False\nelse if [race_African-American]: [two_year_recid] = True\nelse if [age_26-45__AND__priors_>3]: [two_year_recid] = True\nelse [two_year_recid] = False'}]"
0.6436545949980665,0.0637569176802351,0.6518584164683889,0.0024020861471100163,0.9956206896551724,"[{'accuracy': 0.6360189573459716, 'unfairness': 0.0003820293398533181, 'accuracy_train': 0.6538643907064959, 'unfairness_train': 0.002672042081306003, 'description': ' if [priors_>3]: [two_year_recid] = True\nelse if [race_Caucasian]: [two_year_recid] = False\nelse if [priors_0__AND__juvenile-crimes_=0]: [two_year_recid] = False\nelse if [priors_1__AND__age_26-45]: [two_year_recid] = False\nelse [two_year_recid] = True'}, {'accuracy': 0.6559241706161137, 'unfairness': 0.06442873191039444, 'accuracy_train': 0.6436699857752489, 'unfairness_train': 0.004282685313899748, 'description': ' if [priors_>3]: [two_year_recid] = True\nelse if [race_Caucasian]: [two_year_recid] = False\nelse if [charge_degree_Felony__AND__age_>45]: [two_year_recid] = False\nelse if [age_26-45__AND__juvenile-crimes_=0]: [two_year_recid] = False\nelse [two_year_recid] = True'}, {'accuracy': 0.6483412322274882, 'unfairness': 0.045467980295566535, 'accuracy_train': 0.6557610241820768, 'unfairness_train': 0.001971434604621791, 'description': ' if [priors_>3]: [two_year_recid] = True\nelse if [age_>45]: [two_year_recid] = False\nelse if [juvenile-felonies_=0__AND__age_26-45]: [two_year_recid] = False\nelse if [race_Caucasian]: [two_year_recid] = False\nelse [two_year_recid] = True'}, {'accuracy': 0.6432637571157496, 'unfairness': 0.08128086874039187, 'accuracy_train': 0.6582128466461247, 'unfairness_train': 0.002614379084967311, 'description': ' if [priors_>3]: [two_year_recid] = True\nelse if [age_18-20]: [two_year_recid] = True\nelse if [race_Caucasian]: [two_year_recid] = False\nelse if [priors_2-3]: [two_year_recid] = True\nelse [two_year_recid] = False'}, {'accuracy': 0.6347248576850095, 'unfairness': 0.12722497811496936, 'accuracy_train': 0.6477838350319981, 'unfairness_train': 0.0004698896507552286, 'description': ' if [priors_0__AND__juvenile-crimes_=0]: [two_year_recid] = False\nelse if [priors_1__AND__age_26-45]: [two_year_recid] = False\nelse if [race_African-American]: [two_year_recid] = True\nelse if [age_26-45__AND__priors_>3]: [two_year_recid] = True\nelse [two_year_recid] = False'}]"
0.6446024622966448,0.06792456170140018,0.6517161689577203,0.0019932584569887445,0.9973103448275862,"[{'accuracy': 0.6360189573459716, 'unfairness': 0.0003820293398533181, 'accuracy_train': 0.6538643907064959, 'unfairness_train': 0.002672042081306003, 'description': ' if [priors_>3]: [two_year_recid] = True\nelse if [race_Caucasian]: [two_year_recid] = False\nelse if [priors_0__AND__juvenile-crimes_=0]: [two_year_recid] = False\nelse if [priors_1__AND__age_26-45]: [two_year_recid] = False\nelse [two_year_recid] = True'}, {'accuracy': 0.6606635071090048, 'unfairness': 0.08526695201621981, 'accuracy_train': 0.6429587482219061, 'unfairness_train': 0.002238546863293389, 'description': ' if [priors_0__AND__juvenile-crimes_=0]: [two_year_recid] = False\nelse if [priors_1__AND__juvenile-crimes_=0]: [two_year_recid] = False\nelse if [race_African-American]: [two_year_recid] = True\nelse if [age_26-45__AND__priors_>3]: [two_year_recid] = True\nelse [two_year_recid] = False'}, {'accuracy': 0.6483412322274882, 'unfairness': 0.045467980295566535, 'accuracy_train': 0.6557610241820768, 'unfairness_train': 0.001971434604621791, 'description': ' if [priors_>3]: [two_year_recid] = True\nelse if [age_>45]: [two_year_recid] = False\nelse if [juvenile-felonies_=0__AND__age_26-45]: [two_year_recid] = False\nelse if [race_Caucasian]: [two_year_recid] = False\nelse [two_year_recid] = True'}, {'accuracy': 0.6432637571157496, 'unfairness': 0.08128086874039187, 'accuracy_train': 0.6582128466461247, 'unfairness_train': 0.002614379084967311, 'description': ' if [priors_>3]: [two_year_recid] = True\nelse if [age_18-20]: [two_year_recid] = True\nelse if [race_Caucasian]: [two_year_recid] = False\nelse if [priors_2-3]: [two_year_recid] = True\nelse [two_year_recid] = False'}, {'accuracy': 0.6347248576850095, 'unfairness': 0.12722497811496936, 'accuracy_train': 0.6477838350319981, 'unfairness_train': 0.0004698896507552286, 'description': ' if [priors_0__AND__juvenile-crimes_=0]: [two_year_recid] = False\nelse if [priors_1__AND__age_26-45]: [two_year_recid] = False\nelse if [race_African-American]: [two_year_recid] = True\nelse if [age_26-45__AND__priors_>3]: [two_year_recid] = True\nelse [two_year_recid] = False'}]"
0.6497207658479995,0.07638673176953308,0.6501989071318296,0.0006651594610661115,0.999,"[{'accuracy': 0.6445497630331753, 'unfairness': 0.015943877551020447, 'accuracy_train': 0.6507823613086771, 'unfairness_train': 0.0006318294622078557, 'description': ' if [priors_>3]: [two_year_recid] = True\nelse if [race_Caucasian]: [two_year_recid] = False\nelse if [priors_2-3]: [two_year_recid] = True\nelse if [juvenile-misdemeanors_=0__AND__age_21-22]: [two_year_recid] = True\nelse [two_year_recid] = False'}, {'accuracy': 0.6606635071090048, 'unfairness': 0.05917082130674367, 'accuracy_train': 0.6408250355618776, 'unfairness_train': 0.0005619298008028295, 'description': ' if [priors_>3]: [two_year_recid] = True\nelse if [race_Caucasian]: [two_year_recid] = False\nelse if [priors_0__AND__gender_Female]: [two_year_recid] = False\nelse if [juvenile-felonies_=0__AND__age_26-45]: [two_year_recid] = False\nelse [two_year_recid] = True'}, {'accuracy': 0.6663507109004739, 'unfairness': 0.09925030770952226, 'accuracy_train': 0.6543385490753911, 'unfairness_train': 0.0008917143804050287, 'description': ' if [priors_>3]: [two_year_recid] = True\nelse if [age_18-20]: [two_year_recid] = True\nelse if [race_Caucasian]: [two_year_recid] = False\nelse if [gender_Male__AND__priors_2-3]: [two_year_recid] = True\nelse [two_year_recid] = False'}, {'accuracy': 0.642314990512334, 'unfairness': 0.08034367416540966, 'accuracy_train': 0.657264754681204, 'unfairness_train': 0.0007704340111596153, 'description': ' if [priors_>3]: [two_year_recid] = True\nelse if [juvenile-felonies_=0__AND__age_18-20]: [two_year_recid] = True\nelse if [race_Caucasian]: [two_year_recid] = False\nelse if [priors_2-3]: [two_year_recid] = True\nelse [two_year_recid] = False'}, {'accuracy': 0.6347248576850095, 'unfairness': 0.12722497811496936, 'accuracy_train': 0.6477838350319981, 'unfairness_train': 0.0004698896507552286, 'description': ' if [priors_0__AND__juvenile-crimes_=0]: [two_year_recid] = False\nelse if [priors_1__AND__age_26-45]: [two_year_recid] = False\nelse if [race_African-American]: [two_year_recid] = True\nelse if [age_26-45__AND__priors_>3]: [two_year_recid] = True\nelse [two_year_recid] = False'}]"
